"response_y","animal","stimulus","type"
5.67789671086563,"A",0,"alpha"
10.8910263068825,"A",1,"alpha"
15.6917501273752,"A",2,"alpha"
21.0326369562896,"A",3,"alpha"
26.2219228197195,"A",4,"alpha"
31.3952175569156,"A",5,"alpha"
36.2148746665583,"A",6,"alpha"
3.94212815720609,"B",0,"alpha"
6.56816720338992,"B",1,"alpha"
9.19019477116259,"B",2,"alpha"
11.669196410804,"B",3,"alpha"
14.3486413520937,"B",4,"alpha"
16.9778680838676,"B",5,"alpha"
19.4783618986689,"B",6,"alpha"
5.84639308472265,"C",0,"alpha"
9.14034009777984,"C",1,"alpha"
12.2122682605679,"C",2,"alpha"
15.4170570090272,"C",3,"alpha"
18.6559405447111,"C",4,"alpha"
21.9518265239609,"C",5,"alpha"
25.2003137845073,"C",6,"alpha"
4.37975094712607,"D",0,"alpha"
6.44251612075481,"D",1,"alpha"
8.78761283595997,"D",2,"alpha"
11.0546007254223,"D",3,"alpha"
13.2678545770966,"D",4,"alpha"
15.3075114942342,"D",5,"alpha"
17.3458311703748,"D",6,"alpha"
5.40741963629944,"E",0,"alpha"
7.88009618838235,"E",1,"alpha"
10.7123142623395,"E",2,"alpha"
13.3668826838518,"E",3,"alpha"
16.0568365035015,"E",4,"alpha"
18.7227974510997,"E",5,"alpha"
21.4708446289368,"E",6,"alpha"
6.09438495835891,"F",0,"alpha"
8.1296588092959,"F",1,"alpha"
10.2635666987299,"F",2,"alpha"
12.2371615972127,"F",3,"alpha"
14.3064374785236,"F",4,"alpha"
16.3202939994899,"F",5,"alpha"
18.593957479733,"F",6,"alpha"
3.19501823082221,"G",0,"alpha"
6.76354758603322,"G",1,"alpha"
10.0389772076152,"G",2,"alpha"
13.479810037166,"G",3,"alpha"
16.8846066333886,"G",4,"alpha"
20.3988409996343,"G",5,"alpha"
23.7615944131256,"G",6,"alpha"
4.87047287749513,"H",0,"alpha"
7.27076263474429,"H",1,"alpha"
9.76982101837817,"H",2,"alpha"
12.1607448045915,"H",3,"alpha"
14.3723266878223,"H",4,"alpha"
16.7281398884947,"H",5,"alpha"
19.011344906435,"H",6,"alpha"
5.88195818125711,"I",0,"alpha"
9.23014869966742,"I",1,"alpha"
12.6272342440125,"I",2,"alpha"
15.7634695082278,"I",3,"alpha"
19.1380105059219,"I",4,"alpha"
22.341965213973,"I",5,"alpha"
25.7310110919681,"I",6,"alpha"
5.48677227565622,"J",0,"alpha"
8.36048291474814,"J",1,"alpha"
11.0756693098933,"J",2,"alpha"
14.0831234398664,"J",3,"alpha"
16.8265785602424,"J",4,"alpha"
19.8016298529097,"J",5,"alpha"
22.4959477106763,"J",6,"alpha"
7.86926335156374,"A",0,"beta"
16.0390964424124,"A",1,"beta"
23.9686205025439,"A",2,"beta"
31.8788378112776,"A",3,"beta"
39.8572023457531,"A",4,"beta"
47.9162726815281,"A",5,"beta"
55.9361113513556,"A",6,"beta"
6.60632909467576,"B",0,"beta"
12.1750972726936,"B",1,"beta"
17.9620127165473,"B",2,"beta"
23.7415420379098,"B",3,"beta"
29.382712494805,"B",4,"beta"
35.1383456179959,"B",5,"beta"
40.9232603233618,"B",6,"beta"
8.45442626497646,"C",0,"beta"
15.156079531135,"C",1,"beta"
21.7090232203022,"C",2,"beta"
28.5561185825317,"C",3,"beta"
35.1364408280735,"C",4,"beta"
41.8672666698315,"C",5,"beta"
48.775535435498,"C",6,"beta"
6.87591247394907,"D",0,"beta"
9.4983037207561,"D",1,"beta"
11.9711798891313,"D",2,"beta"
14.7994631106989,"D",3,"beta"
17.2116815559158,"D",4,"beta"
19.8590353312599,"D",5,"beta"
22.5716057227373,"D",6,"beta"
7.93305607977688,"E",0,"beta"
14.1378402198083,"E",1,"beta"
20.2618559031743,"E",2,"beta"
26.5086530430114,"E",3,"beta"
32.4932194080082,"E",4,"beta"
38.7954247176484,"E",5,"beta"
44.9943286682045,"E",6,"beta"
8.55776320724968,"F",0,"beta"
18.1587920585308,"F",1,"beta"
27.5085575373882,"F",2,"beta"
36.9038966884161,"F",3,"beta"
46.3347429118188,"F",4,"beta"
55.6955497024506,"F",5,"beta"
65.1625505513242,"F",6,"beta"
5.7666529762076,"G",0,"beta"
13.3920885859056,"G",1,"beta"
21.1051307875636,"G",2,"beta"
28.657160902401,"G",3,"beta"
36.3383963213601,"G",4,"beta"
43.879814921975,"G",5,"beta"
51.6711051171426,"G",6,"beta"
7.42698696403532,"H",0,"beta"
13.8760924231617,"H",1,"beta"
20.3577884072682,"H",2,"beta"
26.8008947599957,"H",3,"beta"
33.2776532767068,"H",4,"beta"
39.7684337353198,"H",5,"beta"
46.0636236934735,"H",6,"beta"
8.33073120900599,"I",0,"beta"
15.0293701692922,"I",1,"beta"
21.3200804149218,"I",2,"beta"
27.7521966854878,"I",3,"beta"
34.3059655197809,"I",4,"beta"
40.7506916185965,"I",5,"beta"
47.358549992997,"I",6,"beta"
7.95037180864651,"J",0,"beta"
13.6340676852403,"J",1,"beta"
19.0890661495879,"J",2,"beta"
24.8504003064077,"J",3,"beta"
30.8000278302187,"J",4,"beta"
36.5944415854695,"J",5,"beta"
41.9776272701414,"J",6,"beta"
5.67030855998391,"A",0,"alpha"
10.70730130966,"A",1,"alpha"
16.0316987866961,"A",2,"alpha"
20.8780725427305,"A",3,"alpha"
26.2754375757427,"A",4,"alpha"
31.2180803917739,"A",5,"alpha"
36.3767403267744,"A",6,"alpha"
4.00947485238095,"B",0,"alpha"
6.76064709449264,"B",1,"alpha"
9.13190090806667,"B",2,"alpha"
11.7335998804426,"B",3,"alpha"
14.3094489411274,"B",4,"alpha"
16.8769390493574,"B",5,"alpha"
19.5065992869295,"B",6,"alpha"
5.74484735432485,"C",0,"alpha"
9.05005113294615,"C",1,"alpha"
12.1305142268867,"C",2,"alpha"
15.4446677663674,"C",3,"alpha"
18.7243746666831,"C",4,"alpha"
21.8612298951023,"C",5,"alpha"
24.9880688916183,"C",6,"alpha"
4.36610396169271,"D",0,"alpha"
6.6430723151786,"D",1,"alpha"
8.73976799611043,"D",2,"alpha"
11.0566859612561,"D",3,"alpha"
13.0861906978323,"D",4,"alpha"
15.3030440931546,"D",5,"alpha"
17.3922467130916,"D",6,"alpha"
5.26831171087508,"E",0,"alpha"
8.11090881216642,"E",1,"alpha"
10.7275020624455,"E",2,"alpha"
13.3322768202715,"E",3,"alpha"
16.1339825634091,"E",4,"alpha"
18.7940928968413,"E",5,"alpha"
21.3197755427657,"E",6,"alpha"
6.0714659148301,"F",0,"alpha"
8.19809286250299,"F",1,"alpha"
10.2150196101521,"F",2,"alpha"
12.0269515610597,"F",3,"alpha"
14.3420303263573,"F",4,"alpha"
16.4948281216377,"F",5,"alpha"
18.2752785478622,"F",6,"alpha"
3.40236120285431,"G",0,"alpha"
6.65662190739279,"G",1,"alpha"
9.85020396881428,"G",2,"alpha"
13.5873149604646,"G",3,"alpha"
17.0749936927834,"G",4,"alpha"
20.2737184959291,"G",5,"alpha"
23.8797794608328,"G",6,"alpha"
5.12344531816947,"H",0,"alpha"
7.30009364781558,"H",1,"alpha"
9.70257479978567,"H",2,"alpha"
11.8945330081722,"H",3,"alpha"
14.3826021906511,"H",4,"alpha"
16.5860342098536,"H",5,"alpha"
19.0876029677432,"H",6,"alpha"
5.81454310144965,"I",0,"alpha"
9.0407246841835,"I",1,"alpha"
12.470411395442,"I",2,"alpha"
15.7253273775643,"I",3,"alpha"
19.0681898685593,"I",4,"alpha"
22.3141570623783,"I",5,"alpha"
25.7007031115505,"I",6,"alpha"
5.52460807767797,"J",0,"alpha"
8.27139800893445,"J",1,"alpha"
11.2828914835625,"J",2,"alpha"
13.9880479544742,"J",3,"alpha"
16.9598998145111,"J",4,"alpha"
19.6781561527661,"J",5,"alpha"
22.6328889232589,"J",6,"alpha"
8.06730483861212,"A",0,"beta"
16.119981094646,"A",1,"beta"
23.851202536758,"A",2,"beta"
32.0599889842516,"A",3,"beta"
40.0413002667834,"A",4,"beta"
47.9043130822842,"A",5,"beta"
55.890983942712,"A",6,"beta"
6.46081071009582,"B",0,"beta"
12.2175145544508,"B",1,"beta"
18.0699582849831,"B",2,"beta"
23.7267583009461,"B",3,"beta"
29.1711445439674,"B",4,"beta"
35.1500572235598,"B",5,"beta"
40.9367565556643,"B",6,"beta"
8.27590692433942,"C",0,"beta"
15.1473095348462,"C",1,"beta"
21.8201447295052,"C",2,"beta"
28.4344301541634,"C",3,"beta"
35.2374918350525,"C",4,"beta"
41.9837365291437,"C",5,"beta"
48.7497127893916,"C",6,"beta"
6.85482390005866,"D",0,"beta"
9.3287653000591,"D",1,"beta"
11.9573063867107,"D",2,"beta"
14.6925739250429,"D",3,"beta"
17.3122778000122,"D",4,"beta"
19.9885098333482,"D",5,"beta"
22.5984276628764,"D",6,"beta"
7.72364928466368,"E",0,"beta"
14.0501369322701,"E",1,"beta"
20.1561834610632,"E",2,"beta"
26.2770573656699,"E",3,"beta"
32.5132512569641,"E",4,"beta"
38.7632846076322,"E",5,"beta"
44.8543150514569,"E",6,"beta"
8.47367189558861,"F",0,"beta"
18.135441345566,"F",1,"beta"
27.3167703145326,"F",2,"beta"
36.7154142305017,"F",3,"beta"
46.2499654820483,"F",4,"beta"
55.6829848669063,"F",5,"beta"
65.1380144989461,"F",6,"beta"
5.71933187724382,"G",0,"beta"
13.2249010262167,"G",1,"beta"
21.0989687497899,"G",2,"beta"
28.7120233767934,"G",3,"beta"
36.4842991690986,"G",4,"beta"
44.1505108158145,"G",5,"beta"
51.6083029330731,"G",6,"beta"
7.28748656473407,"H",0,"beta"
13.918165301636,"H",1,"beta"
20.2502337435872,"H",2,"beta"
26.9082337320901,"H",3,"beta"
33.1051602527841,"H",4,"beta"
39.6483551743236,"H",5,"beta"
46.3499428462067,"H",6,"beta"
8.42930126769053,"I",0,"beta"
14.9448983316251,"I",1,"beta"
21.2715099956555,"I",2,"beta"
27.9221022761883,"I",3,"beta"
34.5703289876735,"I",4,"beta"
40.8957527836468,"I",5,"beta"
47.3773674740125,"I",6,"beta"
8.20846790627441,"J",0,"beta"
13.6087730571548,"J",1,"beta"
19.2747881349075,"J",2,"beta"
24.994518240494,"J",3,"beta"
30.8352015076727,"J",4,"beta"
36.302918726039,"J",5,"beta"
41.9619421380128,"J",6,"beta"
5.61674297528621,"A",0,"alpha"
10.7688946797927,"A",1,"alpha"
15.8805530457006,"A",2,"alpha"
20.9484617937355,"A",3,"alpha"
26.2804622778686,"A",4,"alpha"
31.3284994898595,"A",5,"alpha"
36.3471004712792,"A",6,"alpha"
4.00527995771305,"B",0,"alpha"
6.6840339332719,"B",1,"alpha"
9.19233456255898,"B",2,"alpha"
11.8161154716268,"B",3,"alpha"
14.313878286804,"B",4,"alpha"
16.990500136122,"B",5,"alpha"
19.4144343495914,"B",6,"alpha"
5.83837037036454,"C",0,"alpha"
9.2538450597914,"C",1,"alpha"
12.307735246533,"C",2,"alpha"
15.598806000948,"C",3,"alpha"
18.8127026104507,"C",4,"alpha"
21.9623158058211,"C",5,"alpha"
25.2052919860773,"C",6,"alpha"
4.1895507903204,"D",0,"alpha"
6.53567744036514,"D",1,"alpha"
8.68459063956115,"D",2,"alpha"
10.7257833481465,"D",3,"alpha"
13.0061483948532,"D",4,"alpha"
15.4392840545405,"D",5,"alpha"
17.5886558652729,"D",6,"alpha"
5.40427488819779,"E",0,"alpha"
8.01246534989089,"E",1,"alpha"
10.9782958281787,"E",2,"alpha"
13.5019373145821,"E",3,"alpha"
15.9676689273903,"E",4,"alpha"
18.7408368647565,"E",5,"alpha"
21.6007040162185,"E",6,"alpha"
6.13367736076822,"F",0,"alpha"
8.18953905246513,"F",1,"alpha"
10.1051749942384,"F",2,"alpha"
12.3343719454817,"F",3,"alpha"
14.4646745959466,"F",4,"alpha"
16.4249975870073,"F",5,"alpha"
18.662727420302,"F",6,"alpha"
3.15240290108659,"G",0,"alpha"
6.6529258950791,"G",1,"alpha"
10.1061708650079,"G",2,"alpha"
13.4467992821619,"G",3,"alpha"
17.0434622310261,"G",4,"alpha"
20.4391739624528,"G",5,"alpha"
23.7511786720632,"G",6,"alpha"
4.88000953090994,"H",0,"alpha"
7.24459183944148,"H",1,"alpha"
9.68819235239619,"H",2,"alpha"
12.1870512751449,"H",3,"alpha"
14.2769789165506,"H",4,"alpha"
16.7643196295448,"H",5,"alpha"
18.9936983858277,"H",6,"alpha"
5.87857316111132,"I",0,"alpha"
9.08368467843774,"I",1,"alpha"
12.5284037623996,"I",2,"alpha"
15.8833269421848,"I",3,"alpha"
19.1631762684891,"I",4,"alpha"
22.5042228334972,"I",5,"alpha"
25.6918947295657,"I",6,"alpha"
5.33518187105117,"J",0,"alpha"
8.24629765061844,"J",1,"alpha"
11.1295584037504,"J",2,"alpha"
14.0258479337515,"J",3,"alpha"
16.759883578992,"J",4,"alpha"
19.8210637465469,"J",5,"alpha"
22.4666373849053,"J",6,"alpha"
8.17185019162737,"A",0,"beta"
16.2367335444972,"A",1,"beta"
24.2933153374926,"A",2,"beta"
31.95174114354,"A",3,"beta"
40.1342683779214,"A",4,"beta"
47.9321892784821,"A",5,"beta"
56.0214092035599,"A",6,"beta"
6.6780792549181,"B",0,"beta"
12.3898357199662,"B",1,"beta"
18.0008762408121,"B",2,"beta"
23.7486604055357,"B",3,"beta"
29.4592086033846,"B",4,"beta"
35.0434412086254,"B",5,"beta"
40.9097385205647,"B",6,"beta"
8.43517194425553,"C",0,"beta"
14.9911767916391,"C",1,"beta"
21.7048550870959,"C",2,"beta"
28.6476079749505,"C",3,"beta"
35.3558358143617,"C",4,"beta"
41.7516037499823,"C",5,"beta"
48.649677197057,"C",6,"beta"
6.91156706426498,"D",0,"beta"
9.45857928099584,"D",1,"beta"
11.9565893833515,"D",2,"beta"
14.5238947651686,"D",3,"beta"
17.3452353739788,"D",4,"beta"
20.016570506667,"D",5,"beta"
22.6552214260062,"D",6,"beta"
7.52391812721785,"E",0,"beta"
14.1484143108986,"E",1,"beta"
20.2051931856082,"E",2,"beta"
26.1615522063725,"E",3,"beta"
32.5986923149457,"E",4,"beta"
38.6674612953129,"E",5,"beta"
44.9123333357651,"E",6,"beta"
8.64560229582893,"F",0,"beta"
18.0280723782343,"F",1,"beta"
27.3613488246164,"F",2,"beta"
36.7520104859369,"F",3,"beta"
46.1502377526733,"F",4,"beta"
55.6850883716528,"F",5,"beta"
65.2114224798381,"F",6,"beta"
5.63045124295938,"G",0,"beta"
13.4723065467155,"G",1,"beta"
20.9648681113542,"G",2,"beta"
28.7065671256395,"G",3,"beta"
36.5081941034161,"G",4,"beta"
43.8384232311145,"G",5,"beta"
51.6386947475301,"G",6,"beta"
7.47260778418589,"H",0,"beta"
13.9073062800786,"H",1,"beta"
20.3982963571998,"H",2,"beta"
26.8240608347398,"H",3,"beta"
33.2293210465549,"H",4,"beta"
39.7661402501324,"H",5,"beta"
46.2779748773976,"H",6,"beta"
8.71042741006584,"I",0,"beta"
14.9938330195314,"I",1,"beta"
21.5086842459586,"I",2,"beta"
27.8944037714015,"I",3,"beta"
34.4110745093028,"I",4,"beta"
40.7830871628265,"I",5,"beta"
47.2706826239198,"I",6,"beta"
7.92108261266104,"J",0,"beta"
13.5925478130557,"J",1,"beta"
19.4302264041048,"J",2,"beta"
24.9728525904729,"J",3,"beta"
30.6149896536261,"J",4,"beta"
36.0964910116441,"J",5,"beta"
42.1107701780445,"J",6,"beta"
5.56987278928407,"A",0,"alpha"
10.7306776045522,"A",1,"alpha"
15.9008467704351,"A",2,"alpha"
21.0296688476384,"A",3,"alpha"
26.158106831045,"A",4,"alpha"
31.3619238130177,"A",5,"alpha"
36.5399148827969,"A",6,"alpha"
4.05428899796171,"B",0,"alpha"
6.71327630349413,"B",1,"alpha"
9.14539944082754,"B",2,"alpha"
11.8953451967684,"B",3,"alpha"
14.4899201491756,"B",4,"alpha"
17.0170336032289,"B",5,"alpha"
19.4270086337792,"B",6,"alpha"
6.05192047220006,"C",0,"alpha"
9.06525747471685,"C",1,"alpha"
12.3514150225091,"C",2,"alpha"
15.5939448543171,"C",3,"alpha"
18.7431913325192,"C",4,"alpha"
21.8201587092363,"C",5,"alpha"
25.0608133644583,"C",6,"alpha"
4.23790535247591,"D",0,"alpha"
6.3614774190178,"D",1,"alpha"
8.70258937197763,"D",2,"alpha"
10.9839284164685,"D",3,"alpha"
13.2125272702775,"D",4,"alpha"
15.3655656126654,"D",5,"alpha"
17.3346958880535,"D",6,"alpha"
5.23927428314042,"E",0,"alpha"
8.08949398925981,"E",1,"alpha"
10.6820288853575,"E",2,"alpha"
13.2946916189837,"E",3,"alpha"
15.9911839809269,"E",4,"alpha"
18.7048447002305,"E",5,"alpha"
21.5426811179908,"E",6,"alpha"
6.16865656524936,"F",0,"alpha"
8.17799908209109,"F",1,"alpha"
10.2396245919058,"F",2,"alpha"
12.4162972894455,"F",3,"alpha"
14.5186206787442,"F",4,"alpha"
16.1793491104111,"F",5,"alpha"
18.6136638687977,"F",6,"alpha"
3.08714543044732,"G",0,"alpha"
6.64942867970026,"G",1,"alpha"
10.1366883344065,"G",2,"alpha"
13.5945466740167,"G",3,"alpha"
17.0519027032606,"G",4,"alpha"
20.5938645110864,"G",5,"alpha"
23.8532987188557,"G",6,"alpha"
4.86964859995034,"H",0,"alpha"
7.40190628189753,"H",1,"alpha"
9.59073209063568,"H",2,"alpha"
11.8796324870742,"H",3,"alpha"
14.5593508178419,"H",4,"alpha"
16.797464253233,"H",5,"alpha"
19.0848813921758,"H",6,"alpha"
5.96080239065551,"I",0,"alpha"
9.20608416844768,"I",1,"alpha"
12.3096628284219,"I",2,"alpha"
15.9420951362818,"I",3,"alpha"
19.1209521495125,"I",4,"alpha"
22.3236971465789,"I",5,"alpha"
25.7257109047532,"I",6,"alpha"
5.54993685620421,"J",0,"alpha"
8.44993367152369,"J",1,"alpha"
11.3488869688701,"J",2,"alpha"
14.0157033789243,"J",3,"alpha"
16.9042322521017,"J",4,"alpha"
19.7416022194166,"J",5,"alpha"
22.3331372432986,"J",6,"alpha"
8.14917387163825,"A",0,"beta"
16.196213587262,"A",1,"beta"
24.113233910726,"A",2,"beta"
31.9410172013092,"A",3,"beta"
39.8726935133565,"A",4,"beta"
47.8255874631802,"A",5,"beta"
55.9857707558924,"A",6,"beta"
6.47386227758113,"B",0,"beta"
12.4200756408132,"B",1,"beta"
18.0776518133065,"B",2,"beta"
23.7333380675733,"B",3,"beta"
29.4193180159589,"B",4,"beta"
35.2200902183937,"B",5,"beta"
40.8733909331708,"B",6,"beta"
8.32235144620443,"C",0,"beta"
14.86333256083,"C",1,"beta"
21.8513465158716,"C",2,"beta"
28.5290725642684,"C",3,"beta"
35.102431319291,"C",4,"beta"
41.9565279090399,"C",5,"beta"
48.6004666534432,"C",6,"beta"
6.75541525548368,"D",0,"beta"
9.33601070036062,"D",1,"beta"
11.9558561604555,"D",2,"beta"
14.6301248845853,"D",3,"beta"
17.20027530705,"D",4,"beta"
20.0955932238034,"D",5,"beta"
22.4967589042092,"D",6,"beta"
7.76875287999206,"E",0,"beta"
13.9251828018435,"E",1,"beta"
20.1173444113262,"E",2,"beta"
26.3905977287005,"E",3,"beta"
32.5684747388614,"E",4,"beta"
38.6707658369257,"E",5,"beta"
45.0501884540456,"E",6,"beta"
8.79152405776122,"F",0,"beta"
18.0663252405177,"F",1,"beta"
27.5196248056331,"F",2,"beta"
36.7753120172851,"F",3,"beta"
46.4745110404608,"F",4,"beta"
55.4770724148902,"F",5,"beta"
65.2510047752539,"F",6,"beta"
5.74110918352334,"G",0,"beta"
13.3009729704535,"G",1,"beta"
21.0325117066346,"G",2,"beta"
28.7575260224629,"G",3,"beta"
36.2185997391441,"G",4,"beta"
43.8315762466126,"G",5,"beta"
51.5426089666255,"G",6,"beta"
7.51587454265102,"H",0,"beta"
14.0127598433316,"H",1,"beta"
20.5461239152946,"H",2,"beta"
26.8739997495642,"H",3,"beta"
33.1979740595052,"H",4,"beta"
39.6017037971196,"H",5,"beta"
46.212974525727,"H",6,"beta"
8.61101447704917,"I",0,"beta"
14.7798128064021,"I",1,"beta"
21.2924993852856,"I",2,"beta"
27.7932129424432,"I",3,"beta"
34.3811227661158,"I",4,"beta"
40.8674551994187,"I",5,"beta"
47.2714676634202,"I",6,"beta"
8.00352569176735,"J",0,"beta"
13.5873354484477,"J",1,"beta"
19.2323779374223,"J",2,"beta"
24.9076818544835,"J",3,"beta"
30.6054511700622,"J",4,"beta"
36.4695800800095,"J",5,"beta"
42.0938973512646,"J",6,"beta"
5.76469489859847,"A",0,"alpha"
10.7792624829162,"A",1,"alpha"
15.8797633332795,"A",2,"alpha"
21.0550957574488,"A",3,"alpha"
26.0974546358315,"A",4,"alpha"
31.2760683929236,"A",5,"alpha"
36.3515730879236,"A",6,"alpha"
4.14115540886482,"B",0,"alpha"
6.72595386553291,"B",1,"alpha"
9.02855002622952,"B",2,"alpha"
11.8343554725706,"B",3,"alpha"
14.56340980028,"B",4,"alpha"
17.0272463198856,"B",5,"alpha"
19.5313667926133,"B",6,"alpha"
5.74883518398792,"C",0,"alpha"
8.96751214654015,"C",1,"alpha"
12.3571669337846,"C",2,"alpha"
15.4919881268517,"C",3,"alpha"
18.6950859210594,"C",4,"alpha"
21.9670750368905,"C",5,"alpha"
25.1376602543995,"C",6,"alpha"
4.11175192812774,"D",0,"alpha"
6.51593816873976,"D",1,"alpha"
8.55423554996461,"D",2,"alpha"
10.7299894234925,"D",3,"alpha"
13.2455208891129,"D",4,"alpha"
15.3309952587214,"D",5,"alpha"
17.395736795049,"D",6,"alpha"
5.36964562375547,"E",0,"alpha"
8.12713785332297,"E",1,"alpha"
10.8483170449859,"E",2,"alpha"
13.5002808684245,"E",3,"alpha"
16.2423128336809,"E",4,"alpha"
18.7443886493413,"E",5,"alpha"
21.5049140920294,"E",6,"alpha"
6.26414267182349,"F",0,"alpha"
8.17838093866209,"F",1,"alpha"
10.246575852828,"F",2,"alpha"
12.2836696653781,"F",3,"alpha"
14.4506659455897,"F",4,"alpha"
16.1866018690565,"F",5,"alpha"
18.4968836696246,"F",6,"alpha"
3.12843819952141,"G",0,"alpha"
6.75477219619458,"G",1,"alpha"
10.0224225636463,"G",2,"alpha"
13.6439297927969,"G",3,"alpha"
16.8391160281133,"G",4,"alpha"
20.4527492757736,"G",5,"alpha"
23.9246544222606,"G",6,"alpha"
4.9922919833952,"H",0,"alpha"
7.19351645069727,"H",1,"alpha"
9.51429725092187,"H",2,"alpha"
12.020547224338,"H",3,"alpha"
14.2148011548139,"H",4,"alpha"
16.6628705548835,"H",5,"alpha"
18.9385142945475,"H",6,"alpha"
6.06022366816721,"I",0,"alpha"
9.12945117668975,"I",1,"alpha"
12.539398578951,"I",2,"alpha"
15.8792961865463,"I",3,"alpha"
19.1138845114986,"I",4,"alpha"
22.2030639269266,"I",5,"alpha"
25.6787809518148,"I",6,"alpha"
5.56750186588821,"J",0,"alpha"
8.16797960150313,"J",1,"alpha"
11.0291825136775,"J",2,"alpha"
14.0160075905124,"J",3,"alpha"
16.8948322631361,"J",4,"alpha"
19.5975318501003,"J",5,"alpha"
22.4064359617837,"J",6,"alpha"
8.19407407856608,"A",0,"beta"
15.9893141135099,"A",1,"beta"
24.1929256860982,"A",2,"beta"
31.9179180558545,"A",3,"beta"
39.9181609778843,"A",4,"beta"
47.9647806508332,"A",5,"beta"
55.7794531101092,"A",6,"beta"
6.71803453773411,"B",0,"beta"
12.2956500508219,"B",1,"beta"
17.8218918923313,"B",2,"beta"
23.7510624254512,"B",3,"beta"
29.204356668805,"B",4,"beta"
35.2748831943321,"B",5,"beta"
40.7420176698848,"B",6,"beta"
8.51766408549537,"C",0,"beta"
15.1507601353797,"C",1,"beta"
21.6983415173148,"C",2,"beta"
28.5633931779965,"C",3,"beta"
35.0951614251016,"C",4,"beta"
41.9238971016783,"C",5,"beta"
48.8915915413326,"C",6,"beta"
6.85997161166143,"D",0,"beta"
9.30648804623894,"D",1,"beta"
12.2062407608801,"D",2,"beta"
14.7750622179833,"D",3,"beta"
17.4315794492408,"D",4,"beta"
20.1434237982604,"D",5,"beta"
22.7620846143702,"D",6,"beta"
7.83701744056189,"E",0,"beta"
13.9680991164604,"E",1,"beta"
20.1556682768081,"E",2,"beta"
26.3537098175996,"E",3,"beta"
32.4574470782411,"E",4,"beta"
38.7143081175934,"E",5,"beta"
44.8272758195041,"E",6,"beta"
8.67140569096069,"F",0,"beta"
18.134087419447,"F",1,"beta"
27.7200291301907,"F",2,"beta"
36.9757802427706,"F",3,"beta"
46.0623770079154,"F",4,"beta"
55.7630347101893,"F",5,"beta"
65.1421515517706,"F",6,"beta"
5.76778213765223,"G",0,"beta"
13.3141763039587,"G",1,"beta"
20.9499817693704,"G",2,"beta"
28.668599456955,"G",3,"beta"
36.2107019281898,"G",4,"beta"
44.1870100627086,"G",5,"beta"
51.7912813977238,"G",6,"beta"
7.56261367697694,"H",0,"beta"
13.9063154840534,"H",1,"beta"
20.5128226344944,"H",2,"beta"
26.7631140786931,"H",3,"beta"
33.5149136620921,"H",4,"beta"
39.7471133345255,"H",5,"beta"
46.20274349918,"H",6,"beta"
8.31335777932603,"I",0,"beta"
14.734529334652,"I",1,"beta"
21.2832850881879,"I",2,"beta"
27.9112820442802,"I",3,"beta"
34.3016760988264,"I",4,"beta"
40.8129276687591,"I",5,"beta"
47.3146749658377,"I",6,"beta"
7.94422112424443,"J",0,"beta"
13.6787633062015,"J",1,"beta"
19.4501558881062,"J",2,"beta"
24.8678309872738,"J",3,"beta"
30.4789151301164,"J",4,"beta"
36.42026961749,"J",5,"beta"
41.9540276256177,"J",6,"beta"
5.68436414737817,"A",0,"alpha"
10.7644784721068,"A",1,"alpha"
15.9141047698447,"A",2,"alpha"
20.8624099536238,"A",3,"alpha"
26.187609167182,"A",4,"alpha"
31.1816028208628,"A",5,"alpha"
36.2409430720239,"A",6,"alpha"
4.25731000327957,"B",0,"alpha"
6.86500502509002,"B",1,"alpha"
9.22469303258929,"B",2,"alpha"
11.7776286873247,"B",3,"alpha"
14.1759358983164,"B",4,"alpha"
17.0177148058623,"B",5,"alpha"
19.4122705210987,"B",6,"alpha"
5.77588090067859,"C",0,"alpha"
9.17055423569,"C",1,"alpha"
12.4235471565619,"C",2,"alpha"
15.3627053850725,"C",3,"alpha"
18.8076484943825,"C",4,"alpha"
21.7772410400717,"C",5,"alpha"
25.0363352061003,"C",6,"alpha"
4.1948288679255,"D",0,"alpha"
6.38554779313045,"D",1,"alpha"
8.61268778644063,"D",2,"alpha"
10.9660444145205,"D",3,"alpha"
13.0577533887796,"D",4,"alpha"
15.452144574608,"D",5,"alpha"
17.5853317769729,"D",6,"alpha"
5.43753763418489,"E",0,"alpha"
7.74774740271245,"E",1,"alpha"
10.7630457200799,"E",2,"alpha"
13.3832347029214,"E",3,"alpha"
16.2815054405044,"E",4,"alpha"
19.1032536432115,"E",5,"alpha"
21.5490148250597,"E",6,"alpha"
5.98491586234242,"F",0,"alpha"
8.30965918048165,"F",1,"alpha"
10.313654846318,"F",2,"alpha"
12.3428156715966,"F",3,"alpha"
14.3871534027714,"F",4,"alpha"
16.4128116942173,"F",5,"alpha"
18.5025444109242,"F",6,"alpha"
3.26163808633733,"G",0,"alpha"
6.51186516873266,"G",1,"alpha"
10.0360852835048,"G",2,"alpha"
13.455236918291,"G",3,"alpha"
16.7723939625327,"G",4,"alpha"
20.2859559882498,"G",5,"alpha"
23.7803395372286,"G",6,"alpha"
4.90573482933241,"H",0,"alpha"
7.21957415246256,"H",1,"alpha"
9.79052970159244,"H",2,"alpha"
12.2501824090406,"H",3,"alpha"
14.3729583152247,"H",4,"alpha"
16.6303999159142,"H",5,"alpha"
19.2088685981592,"H",6,"alpha"
5.809431693591,"I",0,"alpha"
9.26398697499097,"I",1,"alpha"
12.3492861911506,"I",2,"alpha"
15.696956140925,"I",3,"alpha"
19.1222703369668,"I",4,"alpha"
22.2938559523793,"I",5,"alpha"
25.7478117305419,"I",6,"alpha"
5.30066417355298,"J",0,"alpha"
8.26200387700253,"J",1,"alpha"
11.1841220230517,"J",2,"alpha"
13.9498865947199,"J",3,"alpha"
16.5931079150829,"J",4,"alpha"
19.6411314793765,"J",5,"alpha"
22.5989705848364,"J",6,"alpha"
8.13158296117226,"A",0,"beta"
16.0801423709593,"A",1,"beta"
23.9182693221679,"A",2,"beta"
32.1118355268369,"A",3,"beta"
39.9704578243145,"A",4,"beta"
47.9288986700617,"A",5,"beta"
55.8750149261738,"A",6,"beta"
6.4995635682926,"B",0,"beta"
12.1898043601906,"B",1,"beta"
18.0458822661128,"B",2,"beta"
23.7203708173328,"B",3,"beta"
29.4558582909854,"B",4,"beta"
35.0044198855736,"B",5,"beta"
40.7523094004831,"B",6,"beta"
8.28380163844611,"C",0,"beta"
14.9907539074372,"C",1,"beta"
21.86017419418,"C",2,"beta"
28.6450937329343,"C",3,"beta"
35.2707889572344,"C",4,"beta"
41.8452389491635,"C",5,"beta"
48.4321721349111,"C",6,"beta"
6.84425798535553,"D",0,"beta"
9.48169574764542,"D",1,"beta"
12.3175076287875,"D",2,"beta"
14.566411815171,"D",3,"beta"
17.3387980166332,"D",4,"beta"
20.0162390419051,"D",5,"beta"
22.6427022126189,"D",6,"beta"
7.85621032781291,"E",0,"beta"
14.0765772507941,"E",1,"beta"
20.3277226614579,"E",2,"beta"
26.3872147201529,"E",3,"beta"
32.4900977866897,"E",4,"beta"
38.7669610323798,"E",5,"beta"
44.8178499479197,"E",6,"beta"
8.46144002493652,"F",0,"beta"
18.0288374025958,"F",1,"beta"
27.4280017857922,"F",2,"beta"
36.9978774962282,"F",3,"beta"
46.3140579666797,"F",4,"beta"
55.6053976212791,"F",5,"beta"
65.0810894208506,"F",6,"beta"
5.74273722005415,"G",0,"beta"
13.4373324251155,"G",1,"beta"
21.1888341694701,"G",2,"beta"
28.7890538206404,"G",3,"beta"
36.4017162309781,"G",4,"beta"
43.8503247087609,"G",5,"beta"
51.6470562556652,"G",6,"beta"
7.44809259262528,"H",0,"beta"
13.8700084933332,"H",1,"beta"
20.6023544997647,"H",2,"beta"
26.9816731355909,"H",3,"beta"
33.2879415397641,"H",4,"beta"
39.8886099209511,"H",5,"beta"
46.2385886890395,"H",6,"beta"
8.42934109523877,"I",0,"beta"
15.0187448790308,"I",1,"beta"
21.3163701974442,"I",2,"beta"
27.9415651386222,"I",3,"beta"
34.5040854245313,"I",4,"beta"
40.867311171946,"I",5,"beta"
47.2925493778305,"I",6,"beta"
8.01688881266081,"J",0,"beta"
13.4926198876085,"J",1,"beta"
19.3613448673866,"J",2,"beta"
25.256451253384,"J",3,"beta"
30.7645675730124,"J",4,"beta"
36.4965021075212,"J",5,"beta"
41.9516368898483,"J",6,"beta"
5.35062809313592,"A",0,"alpha"
10.7619998117463,"A",1,"alpha"
15.9734621740535,"A",2,"alpha"
21.0416230320068,"A",3,"alpha"
26.1387838024932,"A",4,"alpha"
31.2846439000297,"A",5,"alpha"
36.5536135092111,"A",6,"alpha"
4.05046258185893,"B",0,"alpha"
6.62523058444992,"B",1,"alpha"
9.06110127178625,"B",2,"alpha"
11.8560555578283,"B",3,"alpha"
14.332362422712,"B",4,"alpha"
17.06455817888,"B",5,"alpha"
19.5976419466161,"B",6,"alpha"
5.74278187310424,"C",0,"alpha"
9.1341399010643,"C",1,"alpha"
12.1014609110127,"C",2,"alpha"
15.3756372735639,"C",3,"alpha"
18.4454774683232,"C",4,"alpha"
21.9418563578155,"C",5,"alpha"
25.0039825645437,"C",6,"alpha"
4.23763063399211,"D",0,"alpha"
6.52362148265394,"D",1,"alpha"
8.6440051955397,"D",2,"alpha"
10.9976823655536,"D",3,"alpha"
12.9947920148583,"D",4,"alpha"
15.2757791010363,"D",5,"alpha"
17.545618039675,"D",6,"alpha"
5.35211689142341,"E",0,"alpha"
7.98173587778883,"E",1,"alpha"
10.7589984700713,"E",2,"alpha"
13.3297276482312,"E",3,"alpha"
16.1109391128286,"E",4,"alpha"
18.7572984275813,"E",5,"alpha"
21.5943646300701,"E",6,"alpha"
6.19482283008275,"F",0,"alpha"
8.03043084250602,"F",1,"alpha"
10.1416192712941,"F",2,"alpha"
12.2850270499608,"F",3,"alpha"
14.421225036175,"F",4,"alpha"
16.3413498038304,"F",5,"alpha"
18.4164488572794,"F",6,"alpha"
3.22872484438811,"G",0,"alpha"
6.46638785841452,"G",1,"alpha"
10.2042334832645,"G",2,"alpha"
13.506895490406,"G",3,"alpha"
16.9170317450349,"G",4,"alpha"
20.422167118495,"G",5,"alpha"
23.8979297816544,"G",6,"alpha"
5.01165892078721,"H",0,"alpha"
7.35463629505333,"H",1,"alpha"
9.73832100720869,"H",2,"alpha"
11.9150047847511,"H",3,"alpha"
14.3544336892091,"H",4,"alpha"
16.7428632061219,"H",5,"alpha"
19.1041152449449,"H",6,"alpha"
5.84131521374152,"I",0,"alpha"
9.28940111437518,"I",1,"alpha"
12.6089279264383,"I",2,"alpha"
15.8735652992901,"I",3,"alpha"
19.0744526821612,"I",4,"alpha"
22.4403856950319,"I",5,"alpha"
25.7289848745425,"I",6,"alpha"
5.49287097916635,"J",0,"alpha"
8.43517214507003,"J",1,"alpha"
11.1268627980083,"J",2,"alpha"
14.3046371635171,"J",3,"alpha"
16.8606574296957,"J",4,"alpha"
19.6494796713929,"J",5,"alpha"
22.4756088151928,"J",6,"alpha"
8.07777235055242,"A",0,"beta"
16.0511763609558,"A",1,"beta"
23.9870218489448,"A",2,"beta"
31.9433484167981,"A",3,"beta"
40.1007014081616,"A",4,"beta"
47.8994877632806,"A",5,"beta"
55.943953123954,"A",6,"beta"
6.45222797508876,"B",0,"beta"
12.2896984527094,"B",1,"beta"
17.9773729810829,"B",2,"beta"
23.7523998942023,"B",3,"beta"
29.5080557364085,"B",4,"beta"
35.1407992337199,"B",5,"beta"
40.7868051918827,"B",6,"beta"
8.4096138739304,"C",0,"beta"
15.191893005848,"C",1,"beta"
21.7739727635333,"C",2,"beta"
28.4970005237544,"C",3,"beta"
35.2810770813442,"C",4,"beta"
41.965801774351,"C",5,"beta"
48.7366816219894,"C",6,"beta"
6.60982935852181,"D",0,"beta"
9.33075165158082,"D",1,"beta"
12.0145898318125,"D",2,"beta"
14.7172243996624,"D",3,"beta"
17.3930153948134,"D",4,"beta"
19.8703553547869,"D",5,"beta"
22.6726890511114,"D",6,"beta"
7.79731230727561,"E",0,"beta"
14.2439958664718,"E",1,"beta"
20.0596654321772,"E",2,"beta"
26.198446950941,"E",3,"beta"
32.6193534141295,"E",4,"beta"
38.6827523764043,"E",5,"beta"
44.7502907493729,"E",6,"beta"
8.56242800121058,"F",0,"beta"
17.9076934178961,"F",1,"beta"
27.400373213309,"F",2,"beta"
36.8269546144478,"F",3,"beta"
46.3483674672308,"F",4,"beta"
55.7815385696372,"F",5,"beta"
65.2267785948393,"F",6,"beta"
5.56613590237227,"G",0,"beta"
13.6401814679545,"G",1,"beta"
20.8987259974304,"G",2,"beta"
28.5906127331543,"G",3,"beta"
36.213162413811,"G",4,"beta"
43.9860206838443,"G",5,"beta"
51.6559357277916,"G",6,"beta"
7.41146139506918,"H",0,"beta"
13.780720508949,"H",1,"beta"
20.4181477555442,"H",2,"beta"
26.8976190399688,"H",3,"beta"
33.403085653943,"H",4,"beta"
39.7080834486977,"H",5,"beta"
46.1558811133244,"H",6,"beta"
8.40825548341785,"I",0,"beta"
14.941669455531,"I",1,"beta"
21.235455578231,"I",2,"beta"
27.8475880275541,"I",3,"beta"
34.5542450040528,"I",4,"beta"
40.8065214066811,"I",5,"beta"
47.5958664019487,"I",6,"beta"
7.90581439094209,"J",0,"beta"
13.5534242145784,"J",1,"beta"
19.4129169942314,"J",2,"beta"
24.9521460743054,"J",3,"beta"
30.6318990984756,"J",4,"beta"
36.2416398348522,"J",5,"beta"
41.9216123131866,"J",6,"beta"
5.60953502224676,"A",0,"alpha"
10.6415909280014,"A",1,"alpha"
15.8619693667612,"A",2,"alpha"
20.9969926597229,"A",3,"alpha"
25.9666498140966,"A",4,"alpha"
31.1704090725308,"A",5,"alpha"
36.3505756833196,"A",6,"alpha"
3.9825046020809,"B",0,"alpha"
6.58065768325093,"B",1,"alpha"
9.33011948704448,"B",2,"alpha"
11.8511351666045,"B",3,"alpha"
14.4165551804353,"B",4,"alpha"
17.0294189352803,"B",5,"alpha"
19.499568558394,"B",6,"alpha"
5.96294053297687,"C",0,"alpha"
9.01437519885498,"C",1,"alpha"
12.2392067649829,"C",2,"alpha"
15.2880665138067,"C",3,"alpha"
18.7679413639676,"C",4,"alpha"
21.6277081847571,"C",5,"alpha"
25.1987449050141,"C",6,"alpha"
4.14773825415247,"D",0,"alpha"
6.56187142112376,"D",1,"alpha"
8.71219149159828,"D",2,"alpha"
11.0515829813911,"D",3,"alpha"
13.1670607270343,"D",4,"alpha"
15.3080452124501,"D",5,"alpha"
17.5448992370681,"D",6,"alpha"
5.36267688618498,"E",0,"alpha"
7.84614443298526,"E",1,"alpha"
10.5880969992622,"E",2,"alpha"
13.5569832948224,"E",3,"alpha"
16.1250772518326,"E",4,"alpha"
18.7291247128256,"E",5,"alpha"
21.4909587312722,"E",6,"alpha"
6.23524297079798,"F",0,"alpha"
8.10096933769105,"F",1,"alpha"
10.1474089958731,"F",2,"alpha"
12.3481612365881,"F",3,"alpha"
14.3182622790538,"F",4,"alpha"
16.4127040976681,"F",5,"alpha"
18.4969206159949,"F",6,"alpha"
3.11117169044456,"G",0,"alpha"
6.71659174078961,"G",1,"alpha"
10.0510162302127,"G",2,"alpha"
13.5358074071332,"G",3,"alpha"
16.7870629080748,"G",4,"alpha"
20.377907690971,"G",5,"alpha"
23.9176053945906,"G",6,"alpha"
4.98787299363958,"H",0,"alpha"
7.24800218085073,"H",1,"alpha"
9.68179505548211,"H",2,"alpha"
11.930228693756,"H",3,"alpha"
14.3706325235277,"H",4,"alpha"
16.6236851595032,"H",5,"alpha"
19.0161845708724,"H",6,"alpha"
5.8245776266407,"I",0,"alpha"
9.18123842563229,"I",1,"alpha"
12.5683307175159,"I",2,"alpha"
15.6904044746618,"I",3,"alpha"
19.0375950093629,"I",4,"alpha"
22.6746368418799,"I",5,"alpha"
25.7786072774421,"I",6,"alpha"
5.44637493567147,"J",0,"alpha"
8.34859711195979,"J",1,"alpha"
11.1350460531727,"J",2,"alpha"
14.0766066229325,"J",3,"alpha"
16.9827137504337,"J",4,"alpha"
19.7937787154423,"J",5,"alpha"
22.3671277203116,"J",6,"alpha"
8.07189982844704,"A",0,"beta"
16.0950779770744,"A",1,"beta"
24.0642819334789,"A",2,"beta"
31.955224719013,"A",3,"beta"
39.9509560402963,"A",4,"beta"
48.1880541855756,"A",5,"beta"
55.9284908489401,"A",6,"beta"
6.42557960473084,"B",0,"beta"
12.3386895191147,"B",1,"beta"
17.8599652000321,"B",2,"beta"
23.6287665763185,"B",3,"beta"
29.4477310825522,"B",4,"beta"
34.9853813351426,"B",5,"beta"
40.78962958698,"B",6,"beta"
8.48124863811388,"C",0,"beta"
14.9004117411519,"C",1,"beta"
21.7351410713521,"C",2,"beta"
28.4199271431179,"C",3,"beta"
35.1770634046738,"C",4,"beta"
41.9723100989737,"C",5,"beta"
48.5723257124581,"C",6,"beta"
6.80675661276737,"D",0,"beta"
9.52957024882701,"D",1,"beta"
12.2823980151258,"D",2,"beta"
14.6819535812351,"D",3,"beta"
17.2938118278372,"D",4,"beta"
19.8850457296932,"D",5,"beta"
22.7050272952352,"D",6,"beta"
7.94082982196056,"E",0,"beta"
13.9620400299093,"E",1,"beta"
20.1470581494291,"E",2,"beta"
26.443864907434,"E",3,"beta"
32.4867080876241,"E",4,"beta"
38.7979823922697,"E",5,"beta"
44.9216192752299,"E",6,"beta"
8.68003677279802,"F",0,"beta"
17.9737714817378,"F",1,"beta"
27.361431840019,"F",2,"beta"
36.7027331903919,"F",3,"beta"
46.3404579129794,"F",4,"beta"
55.6022549167535,"F",5,"beta"
65.1472420303057,"F",6,"beta"
5.55162672863251,"G",0,"beta"
13.3537910635286,"G",1,"beta"
21.1406152199144,"G",2,"beta"
28.6910590932265,"G",3,"beta"
36.2930776708804,"G",4,"beta"
44.2224196166318,"G",5,"beta"
51.5189057099414,"G",6,"beta"
7.5462368692533,"H",0,"beta"
13.9707463982422,"H",1,"beta"
20.3330046443594,"H",2,"beta"
26.8931452592413,"H",3,"beta"
33.3243310165426,"H",4,"beta"
39.7108176514513,"H",5,"beta"
46.1086089658071,"H",6,"beta"
8.33718005397485,"I",0,"beta"
14.8800019881562,"I",1,"beta"
21.2212086587632,"I",2,"beta"
27.7723840267771,"I",3,"beta"
34.4503044514015,"I",4,"beta"
40.9257278502514,"I",5,"beta"
47.4493376318925,"I",6,"beta"
8.01807841546509,"J",0,"beta"
13.7292565064443,"J",1,"beta"
19.2555246233837,"J",2,"beta"
24.994370652951,"J",3,"beta"
30.6184690260095,"J",4,"beta"
36.1525005260492,"J",5,"beta"
42.014703288583,"J",6,"beta"
5.54906142447197,"A",0,"alpha"
10.7685179171535,"A",1,"alpha"
15.7894740395417,"A",2,"alpha"
20.953139910539,"A",3,"alpha"
26.0061673729353,"A",4,"alpha"
31.351171290213,"A",5,"alpha"
36.3747775261423,"A",6,"alpha"
3.98395144250088,"B",0,"alpha"
6.6779133489075,"B",1,"alpha"
9.43668028062942,"B",2,"alpha"
11.5730610205064,"B",3,"alpha"
14.3859669399864,"B",4,"alpha"
16.8861598727611,"B",5,"alpha"
19.56321929486,"B",6,"alpha"
6.00887437093963,"C",0,"alpha"
8.98262038526804,"C",1,"alpha"
12.1959242265667,"C",2,"alpha"
15.4650442119783,"C",3,"alpha"
18.629850948619,"C",4,"alpha"
21.9572850261642,"C",5,"alpha"
24.9719839346896,"C",6,"alpha"
4.25835403272305,"D",0,"alpha"
6.64770381427769,"D",1,"alpha"
8.72815628181506,"D",2,"alpha"
11.0880211595803,"D",3,"alpha"
13.231575147848,"D",4,"alpha"
15.3364517824533,"D",5,"alpha"
17.4412591351781,"D",6,"alpha"
5.23126094964594,"E",0,"alpha"
8.06856203116008,"E",1,"alpha"
10.8367970287442,"E",2,"alpha"
13.3897388842295,"E",3,"alpha"
16.0683049922119,"E",4,"alpha"
18.9485902997873,"E",5,"alpha"
21.4811569697085,"E",6,"alpha"
6.0423202307418,"F",0,"alpha"
8.2266183258533,"F",1,"alpha"
10.1437613031819,"F",2,"alpha"
12.305879570601,"F",3,"alpha"
14.3454161329421,"F",4,"alpha"
16.4744118283214,"F",5,"alpha"
18.5533401425847,"F",6,"alpha"
3.25051873964533,"G",0,"alpha"
6.66735517024318,"G",1,"alpha"
10.1291038543693,"G",2,"alpha"
13.5179225420288,"G",3,"alpha"
17.1118826654537,"G",4,"alpha"
20.2149241920982,"G",5,"alpha"
23.8042987792761,"G",6,"alpha"
4.96361384082578,"H",0,"alpha"
7.2739844474321,"H",1,"alpha"
9.50091375633395,"H",2,"alpha"
12.0393922626717,"H",3,"alpha"
14.5509688630081,"H",4,"alpha"
16.5605397618979,"H",5,"alpha"
18.9671230267347,"H",6,"alpha"
5.70492168392547,"I",0,"alpha"
9.23149076545965,"I",1,"alpha"
12.6028009315005,"I",2,"alpha"
15.7570935040134,"I",3,"alpha"
19.2302670944659,"I",4,"alpha"
22.5029201020683,"I",5,"alpha"
25.7830179219809,"I",6,"alpha"
5.62100820659183,"J",0,"alpha"
8.26278846498567,"J",1,"alpha"
11.1729657658056,"J",2,"alpha"
13.9610037457705,"J",3,"alpha"
16.8132933047008,"J",4,"alpha"
19.6728580268689,"J",5,"alpha"
22.4697629797377,"J",6,"alpha"
8.03051505854953,"A",0,"beta"
16.1980122650431,"A",1,"beta"
24.0608808334084,"A",2,"beta"
31.9726246693983,"A",3,"beta"
39.9534135186895,"A",4,"beta"
47.9187802909526,"A",5,"beta"
55.8283540386726,"A",6,"beta"
6.51492903615802,"B",0,"beta"
12.3949982926259,"B",1,"beta"
17.9297392045535,"B",2,"beta"
23.8723719379527,"B",3,"beta"
29.3634578772835,"B",4,"beta"
35.1519586676334,"B",5,"beta"
40.7154192409367,"B",6,"beta"
8.35718814383966,"C",0,"beta"
14.91336889936,"C",1,"beta"
21.7632963390404,"C",2,"beta"
28.4437559693002,"C",3,"beta"
35.1415664978119,"C",4,"beta"
41.9697900107379,"C",5,"beta"
48.7362174340102,"C",6,"beta"
6.90916794580558,"D",0,"beta"
9.48723316898185,"D",1,"beta"
12.0036432579085,"D",2,"beta"
14.5141945680698,"D",3,"beta"
17.4893498051803,"D",4,"beta"
19.9370403395393,"D",5,"beta"
22.709975368797,"D",6,"beta"
7.76135640183368,"E",0,"beta"
13.9792334810076,"E",1,"beta"
20.24187808383,"E",2,"beta"
26.3710807906541,"E",3,"beta"
32.4656115821686,"E",4,"beta"
38.633283867354,"E",5,"beta"
44.8943550212933,"E",6,"beta"
8.72200947903287,"F",0,"beta"
18.0882093591426,"F",1,"beta"
27.3321897963911,"F",2,"beta"
37.0028309661271,"F",3,"beta"
46.2109327708591,"F",4,"beta"
55.5873804867003,"F",5,"beta"
65.2086095890754,"F",6,"beta"
5.69686466574769,"G",0,"beta"
13.39232652753,"G",1,"beta"
21.157799829464,"G",2,"beta"
28.5681758115788,"G",3,"beta"
36.2644764506074,"G",4,"beta"
43.9384009894122,"G",5,"beta"
51.6741029759933,"G",6,"beta"
7.40213519385897,"H",0,"beta"
13.9752228669987,"H",1,"beta"
20.3344256347892,"H",2,"beta"
26.7657431019355,"H",3,"beta"
33.3443835339077,"H",4,"beta"
39.6914583178882,"H",5,"beta"
46.088811041417,"H",6,"beta"
8.45421662018023,"I",0,"beta"
14.8505769332368,"I",1,"beta"
21.3423299294449,"I",2,"beta"
27.84942979781,"I",3,"beta"
34.4184123915005,"I",4,"beta"
40.8728498672521,"I",5,"beta"
47.2371064181436,"I",6,"beta"
8.00403012508222,"J",0,"beta"
13.4529669506419,"J",1,"beta"
19.393349698383,"J",2,"beta"
24.9371174162979,"J",3,"beta"
30.5383795109282,"J",4,"beta"
36.3647486487494,"J",5,"beta"
41.8990698008717,"J",6,"beta"
5.69461674037973,"A",0,"alpha"
10.8342230205841,"A",1,"alpha"
15.7292742274361,"A",2,"alpha"
21.082573171719,"A",3,"alpha"
26.2032223365041,"A",4,"alpha"
31.1835462824643,"A",5,"alpha"
36.2828827636144,"A",6,"alpha"
4.08449549416396,"B",0,"alpha"
6.56647173167454,"B",1,"alpha"
9.20157073630975,"B",2,"alpha"
11.8176596058529,"B",3,"alpha"
14.5425425391659,"B",4,"alpha"
16.8962822328789,"B",5,"alpha"
19.6269738417947,"B",6,"alpha"
5.87222250654071,"C",0,"alpha"
9.00852252185864,"C",1,"alpha"
12.3108522122793,"C",2,"alpha"
15.3789299452833,"C",3,"alpha"
18.6144547616575,"C",4,"alpha"
21.9723481713099,"C",5,"alpha"
25.036791968998,"C",6,"alpha"
4.22440438516514,"D",0,"alpha"
6.23638540792593,"D",1,"alpha"
8.76413447905413,"D",2,"alpha"
10.9858776780497,"D",3,"alpha"
13.1373662675979,"D",4,"alpha"
15.4565569251108,"D",5,"alpha"
17.6139708652491,"D",6,"alpha"
5.27918532089166,"E",0,"alpha"
7.8424823915168,"E",1,"alpha"
10.5883608477304,"E",2,"alpha"
13.1334425790798,"E",3,"alpha"
16.1330539635211,"E",4,"alpha"
18.7306675231094,"E",5,"alpha"
21.5843595117302,"E",6,"alpha"
6.05899376764812,"F",0,"alpha"
8.06895237779149,"F",1,"alpha"
10.1097603312225,"F",2,"alpha"
12.4936373065032,"F",3,"alpha"
14.3711153894127,"F",4,"alpha"
16.5270198779011,"F",5,"alpha"
18.6442498934566,"F",6,"alpha"
3.27098254864645,"G",0,"alpha"
6.5857719955645,"G",1,"alpha"
10.0964359901664,"G",2,"alpha"
13.4883832802404,"G",3,"alpha"
16.9316939159156,"G",4,"alpha"
20.6136903581207,"G",5,"alpha"
23.8616406694126,"G",6,"alpha"
4.91807572225689,"H",0,"alpha"
7.4252666146094,"H",1,"alpha"
9.69227021645442,"H",2,"alpha"
12.0701305436021,"H",3,"alpha"
14.5343127575698,"H",4,"alpha"
16.4765172937053,"H",5,"alpha"
18.9669161045883,"H",6,"alpha"
5.74841781614349,"I",0,"alpha"
9.27031741871033,"I",1,"alpha"
12.6517986600287,"I",2,"alpha"
15.8060187079987,"I",3,"alpha"
19.1743229803925,"I",4,"alpha"
22.2223253970138,"I",5,"alpha"
25.7759863680607,"I",6,"alpha"
5.56709976867915,"J",0,"alpha"
8.45706944581649,"J",1,"alpha"
11.4031086251923,"J",2,"alpha"
13.9818506148841,"J",3,"alpha"
16.8101275972995,"J",4,"alpha"
19.6253734839821,"J",5,"alpha"
22.6105935995538,"J",6,"alpha"
8.12377209597536,"A",0,"beta"
16.1925313131003,"A",1,"beta"
24.1240092215944,"A",2,"beta"
31.9796965117718,"A",3,"beta"
40.0747440469414,"A",4,"beta"
48.0040553123438,"A",5,"beta"
55.9727789287477,"A",6,"beta"
6.54265514216014,"B",0,"beta"
12.3825641838456,"B",1,"beta"
17.9111180265785,"B",2,"beta"
23.7703554569482,"B",3,"beta"
29.4391499620896,"B",4,"beta"
35.0162159955674,"B",5,"beta"
40.8117271301688,"B",6,"beta"
8.23591323576426,"C",0,"beta"
15.0508876871269,"C",1,"beta"
21.7145678752093,"C",2,"beta"
28.4641443357163,"C",3,"beta"
35.3600010980448,"C",4,"beta"
41.8617449456445,"C",5,"beta"
48.6907465897331,"C",6,"beta"
6.8833037798107,"D",0,"beta"
9.5634712656343,"D",1,"beta"
12.0914224736186,"D",2,"beta"
14.6868653218216,"D",3,"beta"
17.3432492046007,"D",4,"beta"
20.0099996385181,"D",5,"beta"
22.5992106516583,"D",6,"beta"
7.74127986679139,"E",0,"beta"
14.0585381966748,"E",1,"beta"
20.1674979923528,"E",2,"beta"
26.4257896364433,"E",3,"beta"
32.4611865586215,"E",4,"beta"
38.6376139607913,"E",5,"beta"
44.9928487710375,"E",6,"beta"
8.46787714512975,"F",0,"beta"
17.9296733105989,"F",1,"beta"
27.5062144696587,"F",2,"beta"
36.8570786565637,"F",3,"beta"
46.3239990981683,"F",4,"beta"
55.7517564318397,"F",5,"beta"
65.1403543235134,"F",6,"beta"
5.83316080731952,"G",0,"beta"
13.3205049910458,"G",1,"beta"
21.0582266785994,"G",2,"beta"
28.6452612443111,"G",3,"beta"
36.385891231368,"G",4,"beta"
43.9250757039242,"G",5,"beta"
51.5935417463908,"G",6,"beta"
7.52373317630151,"H",0,"beta"
13.9145743703125,"H",1,"beta"
20.4021548001511,"H",2,"beta"
26.9533349812986,"H",3,"beta"
33.1824266910787,"H",4,"beta"
39.7714215353914,"H",5,"beta"
46.241318390999,"H",6,"beta"
8.23031727204772,"I",0,"beta"
14.7870913099632,"I",1,"beta"
21.4249407197498,"I",2,"beta"
27.7677674378116,"I",3,"beta"
34.2951609106704,"I",4,"beta"
40.8187521976326,"I",5,"beta"
47.223572900619,"I",6,"beta"
8.03523422789342,"J",0,"beta"
13.6171208452421,"J",1,"beta"
19.1877298925601,"J",2,"beta"
25.0118010965287,"J",3,"beta"
30.6546401378801,"J",4,"beta"
36.4121491950233,"J",5,"beta"
41.9664465695525,"J",6,"beta"
5.54696755839052,"A",0,"alpha"
10.8237444957965,"A",1,"alpha"
15.7939801066989,"A",2,"alpha"
20.9905628120142,"A",3,"alpha"
26.319747040071,"A",4,"alpha"
31.1460271376712,"A",5,"alpha"
36.3316725613497,"A",6,"alpha"
4.13340654061018,"B",0,"alpha"
6.56818213154885,"B",1,"alpha"
9.18813667206897,"B",2,"alpha"
11.81224770199,"B",3,"alpha"
14.3951811065766,"B",4,"alpha"
16.9434848424637,"B",5,"alpha"
19.335884609581,"B",6,"alpha"
5.86364759061622,"C",0,"alpha"
9.07251014317557,"C",1,"alpha"
12.1356121237988,"C",2,"alpha"
15.4389469200354,"C",3,"alpha"
18.8497238300706,"C",4,"alpha"
21.9474679516,"C",5,"alpha"
24.9853955261982,"C",6,"alpha"
4.17023749898235,"D",0,"alpha"
6.39408416475284,"D",1,"alpha"
8.6722217180139,"D",2,"alpha"
10.9032100805875,"D",3,"alpha"
12.9107476441346,"D",4,"alpha"
15.3214117821659,"D",5,"alpha"
17.5005339040029,"D",6,"alpha"
5.28847639368864,"E",0,"alpha"
7.96883545423246,"E",1,"alpha"
10.7819704809301,"E",2,"alpha"
13.3351235333682,"E",3,"alpha"
16.1163972548804,"E",4,"alpha"
19.0463360334222,"E",5,"alpha"
21.5471466690011,"E",6,"alpha"
5.96611110649585,"F",0,"alpha"
8.25723593692888,"F",1,"alpha"
10.1444492412502,"F",2,"alpha"
12.3007665338821,"F",3,"alpha"
14.4247140735308,"F",4,"alpha"
16.3901922081031,"F",5,"alpha"
18.5706865525418,"F",6,"alpha"
3.18212595917936,"G",0,"alpha"
6.5666410581536,"G",1,"alpha"
10.2162441477,"G",2,"alpha"
13.3367936512004,"G",3,"alpha"
17.0003748821413,"G",4,"alpha"
20.4653884075298,"G",5,"alpha"
23.8650627345658,"G",6,"alpha"
4.95502978783713,"H",0,"alpha"
7.21946196996761,"H",1,"alpha"
9.67608548303873,"H",2,"alpha"
12.154452309433,"H",3,"alpha"
14.21937046344,"H",4,"alpha"
16.7373114229044,"H",5,"alpha"
19.0971822189694,"H",6,"alpha"
5.90355781567897,"I",0,"alpha"
9.27686612808107,"I",1,"alpha"
12.5461042676913,"I",2,"alpha"
15.718632825432,"I",3,"alpha"
19.0710189168762,"I",4,"alpha"
22.4833052480174,"I",5,"alpha"
25.5825824253203,"I",6,"alpha"
5.57918978457413,"J",0,"alpha"
8.43565412024675,"J",1,"alpha"
11.3127583292052,"J",2,"alpha"
13.7115645762153,"J",3,"alpha"
16.7064128707087,"J",4,"alpha"
19.5872561297585,"J",5,"alpha"
22.3931257065137,"J",6,"alpha"
8.03499481623134,"A",0,"beta"
16.170295397438,"A",1,"beta"
24.1334980548998,"A",2,"beta"
32.0669159703786,"A",3,"beta"
40.070613366979,"A",4,"beta"
48.0391335555073,"A",5,"beta"
55.9113592226113,"A",6,"beta"
6.57717559863233,"B",0,"beta"
12.4777221939468,"B",1,"beta"
18.0137436835291,"B",2,"beta"
23.7097594774872,"B",3,"beta"
29.3499528364529,"B",4,"beta"
35.1093494637169,"B",5,"beta"
40.8194529198952,"B",6,"beta"
8.42820541777106,"C",0,"beta"
15.0543028274218,"C",1,"beta"
21.710544003288,"C",2,"beta"
28.3281492165291,"C",3,"beta"
35.1757389694781,"C",4,"beta"
42.0470658854393,"C",5,"beta"
48.6908160488281,"C",6,"beta"
6.81469725951957,"D",0,"beta"
9.35716344955687,"D",1,"beta"
12.1324002435079,"D",2,"beta"
14.5217446802937,"D",3,"beta"
17.4064351496135,"D",4,"beta"
19.9436107399054,"D",5,"beta"
22.4862432787864,"D",6,"beta"
7.75586447468915,"E",0,"beta"
14.0521514473035,"E",1,"beta"
20.1686524625137,"E",2,"beta"
26.2964109101016,"E",3,"beta"
32.6615858094499,"E",4,"beta"
38.835715966941,"E",5,"beta"
44.8578952722647,"E",6,"beta"
8.47055258714699,"F",0,"beta"
17.9691124050188,"F",1,"beta"
27.5798890908334,"F",2,"beta"
36.909265029778,"F",3,"beta"
46.2481699555975,"F",4,"beta"
55.7572162646031,"F",5,"beta"
64.9594157309533,"F",6,"beta"
5.696390797172,"G",0,"beta"
13.4059018807087,"G",1,"beta"
21.2981632540661,"G",2,"beta"
28.6666131149552,"G",3,"beta"
36.3353872214417,"G",4,"beta"
44.0979270644286,"G",5,"beta"
51.6750286886458,"G",6,"beta"
7.56902856618914,"H",0,"beta"
13.8325877732485,"H",1,"beta"
20.4267824243825,"H",2,"beta"
26.7705974908974,"H",3,"beta"
33.3006436250378,"H",4,"beta"
39.6848458906752,"H",5,"beta"
46.1301651417852,"H",6,"beta"
8.34410202728303,"I",0,"beta"
14.9216964057499,"I",1,"beta"
21.2290446657853,"I",2,"beta"
27.8905464491829,"I",3,"beta"
34.5019636056103,"I",4,"beta"
40.8903870468365,"I",5,"beta"
47.4596222653668,"I",6,"beta"
7.87597263814526,"J",0,"beta"
13.7401549447404,"J",1,"beta"
19.2785308185558,"J",2,"beta"
24.922491004852,"J",3,"beta"
30.6105890370054,"J",4,"beta"
36.4001217830131,"J",5,"beta"
42.1321505991977,"J",6,"beta"
5.43787171398297,"A",0,"alpha"
10.7368637372745,"A",1,"alpha"
15.7313252572753,"A",2,"alpha"
20.9661580154587,"A",3,"alpha"
26.0794013212025,"A",4,"alpha"
31.2441200184553,"A",5,"alpha"
36.3622541186269,"A",6,"alpha"
4.07446614013738,"B",0,"alpha"
6.66812168336053,"B",1,"alpha"
9.17529153369514,"B",2,"alpha"
11.927050341598,"B",3,"alpha"
14.5066896636211,"B",4,"alpha"
17.0856178080195,"B",5,"alpha"
19.5309871568676,"B",6,"alpha"
5.89204405788364,"C",0,"alpha"
9.15870292215077,"C",1,"alpha"
12.2489869225875,"C",2,"alpha"
15.6181382777297,"C",3,"alpha"
18.5813625580775,"C",4,"alpha"
21.716344303345,"C",5,"alpha"
24.9330413096251,"C",6,"alpha"
4.48979043941029,"D",0,"alpha"
6.62215095022854,"D",1,"alpha"
8.80454646989355,"D",2,"alpha"
10.9429589818607,"D",3,"alpha"
12.9784987287133,"D",4,"alpha"
15.1781279195528,"D",5,"alpha"
17.5240418928817,"D",6,"alpha"
5.44318119564781,"E",0,"alpha"
7.85141292039545,"E",1,"alpha"
10.8001677037345,"E",2,"alpha"
13.3959671711721,"E",3,"alpha"
16.1909142553149,"E",4,"alpha"
18.7741561454265,"E",5,"alpha"
21.4040372128904,"E",6,"alpha"
6.09091998831274,"F",0,"alpha"
8.26275789887275,"F",1,"alpha"
10.2944499565008,"F",2,"alpha"
12.4131152453906,"F",3,"alpha"
14.4876575828303,"F",4,"alpha"
16.3667628182463,"F",5,"alpha"
18.5384508893187,"F",6,"alpha"
3.1052231241407,"G",0,"alpha"
6.62470283069345,"G",1,"alpha"
10.022287702013,"G",2,"alpha"
13.5587282309304,"G",3,"alpha"
16.9867613469216,"G",4,"alpha"
20.4909798125417,"G",5,"alpha"
23.7970433604164,"G",6,"alpha"
5.02983038225787,"H",0,"alpha"
7.21645945878753,"H",1,"alpha"
9.75544850084655,"H",2,"alpha"
11.9718871093631,"H",3,"alpha"
14.257124226424,"H",4,"alpha"
16.4945266725806,"H",5,"alpha"
19.0628856774133,"H",6,"alpha"
5.72678394123717,"I",0,"alpha"
9.16063449788747,"I",1,"alpha"
12.4847323980717,"I",2,"alpha"
15.8060395617365,"I",3,"alpha"
19.0078653467742,"I",4,"alpha"
22.4362981966571,"I",5,"alpha"
25.7630794296751,"I",6,"alpha"
5.59773673642418,"J",0,"alpha"
8.3343439042846,"J",1,"alpha"
11.138907610569,"J",2,"alpha"
13.9928040470664,"J",3,"alpha"
16.9007658101111,"J",4,"alpha"
19.6150699190137,"J",5,"alpha"
22.4297374053707,"J",6,"alpha"
8.06834206877662,"A",0,"beta"
15.9518424229238,"A",1,"beta"
24.0811927707734,"A",2,"beta"
32.0573728383735,"A",3,"beta"
39.9580258958191,"A",4,"beta"
48.0660922551852,"A",5,"beta"
55.8917076102348,"A",6,"beta"
6.57869221066767,"B",0,"beta"
12.2895719532898,"B",1,"beta"
18.1471048140167,"B",2,"beta"
23.6372022858462,"B",3,"beta"
29.4240202371221,"B",4,"beta"
35.2299784255241,"B",5,"beta"
40.819433434455,"B",6,"beta"
8.25675113070084,"C",0,"beta"
15.3099652592633,"C",1,"beta"
21.938497455444,"C",2,"beta"
28.4344202543168,"C",3,"beta"
34.9905975417138,"C",4,"beta"
41.743416227351,"C",5,"beta"
48.6805077639424,"C",6,"beta"
6.74774992943586,"D",0,"beta"
9.22844925433873,"D",1,"beta"
11.9305679799993,"D",2,"beta"
14.7158049063426,"D",3,"beta"
17.3662804476852,"D",4,"beta"
19.9360848538368,"D",5,"beta"
22.6458247310956,"D",6,"beta"
7.701133262082,"E",0,"beta"
13.9445056939383,"E",1,"beta"
20.1970545924502,"E",2,"beta"
26.27148988663,"E",3,"beta"
32.667143728751,"E",4,"beta"
38.7846262049921,"E",5,"beta"
44.8863727485547,"E",6,"beta"
8.48670721715734,"F",0,"beta"
18.0719450403994,"F",1,"beta"
27.3994191204211,"F",2,"beta"
36.8907531007927,"F",3,"beta"
46.3590331586321,"F",4,"beta"
55.6079686380866,"F",5,"beta"
65.1616161432613,"F",6,"beta"
5.60738130746365,"G",0,"beta"
13.2343219337902,"G",1,"beta"
21.0661086318563,"G",2,"beta"
28.7176095098451,"G",3,"beta"
36.3392398589042,"G",4,"beta"
43.9150127693723,"G",5,"beta"
51.7160748119841,"G",6,"beta"
7.38896701621253,"H",0,"beta"
14.0501059094147,"H",1,"beta"
20.4754028803492,"H",2,"beta"
26.9712236114094,"H",3,"beta"
33.3802631480185,"H",4,"beta"
39.7758709286486,"H",5,"beta"
46.1291244273172,"H",6,"beta"
8.40084892420432,"I",0,"beta"
14.8364482251422,"I",1,"beta"
21.3797536976522,"I",2,"beta"
27.9694390814404,"I",3,"beta"
34.4750741021175,"I",4,"beta"
40.9097849444166,"I",5,"beta"
47.3995943398366,"I",6,"beta"
7.8583598317055,"J",0,"beta"
13.5764640009003,"J",1,"beta"
19.3683751936207,"J",2,"beta"
24.9732344869559,"J",3,"beta"
30.615014674387,"J",4,"beta"
36.3426835575329,"J",5,"beta"
42.0720564096109,"J",6,"beta"
5.50919940896481,"A",0,"alpha"
10.7452126345833,"A",1,"alpha"
15.9426609089996,"A",2,"alpha"
21.0808474220303,"A",3,"alpha"
26.1051520539023,"A",4,"alpha"
31.2585831966134,"A",5,"alpha"
36.2977617231817,"A",6,"alpha"
4.0458418831819,"B",0,"alpha"
6.83589654618618,"B",1,"alpha"
9.13404069141036,"B",2,"alpha"
11.7965439782325,"B",3,"alpha"
14.3549139802457,"B",4,"alpha"
16.9438033393145,"B",5,"alpha"
19.5307723609325,"B",6,"alpha"
5.9453560983948,"C",0,"alpha"
9.06594145090857,"C",1,"alpha"
12.3052864186748,"C",2,"alpha"
15.5997815149472,"C",3,"alpha"
18.6300381834675,"C",4,"alpha"
21.9437379493172,"C",5,"alpha"
25.1230312262182,"C",6,"alpha"
4.275061649983,"D",0,"alpha"
6.3693242671185,"D",1,"alpha"
8.75524472573998,"D",2,"alpha"
10.86686612609,"D",3,"alpha"
13.0384241601665,"D",4,"alpha"
15.3633132784432,"D",5,"alpha"
17.3354615250738,"D",6,"alpha"
5.28392309866141,"E",0,"alpha"
8.00776684721506,"E",1,"alpha"
10.9076339614842,"E",2,"alpha"
13.4184204027731,"E",3,"alpha"
16.1779762495301,"E",4,"alpha"
18.8316709906368,"E",5,"alpha"
21.5168059676235,"E",6,"alpha"
6.03948957746559,"F",0,"alpha"
8.16418465725678,"F",1,"alpha"
10.1102930309027,"F",2,"alpha"
12.1569687756757,"F",3,"alpha"
14.3290201646948,"F",4,"alpha"
16.2677709654841,"F",5,"alpha"
18.4082235567368,"F",6,"alpha"
3.13019893908918,"G",0,"alpha"
6.63678664209607,"G",1,"alpha"
10.2309702033875,"G",2,"alpha"
13.5099777962668,"G",3,"alpha"
16.8085064193249,"G",4,"alpha"
20.4315268580891,"G",5,"alpha"
24.01294074278,"G",6,"alpha"
4.86961146403281,"H",0,"alpha"
7.28129348053546,"H",1,"alpha"
9.63132759576774,"H",2,"alpha"
11.9860324807194,"H",3,"alpha"
14.2103425762455,"H",4,"alpha"
16.7514517168097,"H",5,"alpha"
19.0688184676697,"H",6,"alpha"
5.61213868309317,"I",0,"alpha"
9.15805924192127,"I",1,"alpha"
12.4477100338687,"I",2,"alpha"
15.6093537402969,"I",3,"alpha"
19.0463913920068,"I",4,"alpha"
22.3828664369935,"I",5,"alpha"
25.6234674847263,"I",6,"alpha"
5.45669468410595,"J",0,"alpha"
8.25379206374458,"J",1,"alpha"
11.0924120651056,"J",2,"alpha"
14.0275138135868,"J",3,"alpha"
16.8704495221408,"J",4,"alpha"
19.7561703242689,"J",5,"alpha"
22.4788340379919,"J",6,"alpha"
7.9611026148992,"A",0,"beta"
15.918507065205,"A",1,"beta"
24.0883502714526,"A",2,"beta"
32.1433206883339,"A",3,"beta"
40.0066745085107,"A",4,"beta"
47.9115650026669,"A",5,"beta"
56.0767053077676,"A",6,"beta"
6.48983900318551,"B",0,"beta"
12.1250291610706,"B",1,"beta"
17.8127606615952,"B",2,"beta"
23.755443334178,"B",3,"beta"
29.4142431005856,"B",4,"beta"
35.3212900146841,"B",5,"beta"
40.9295937725976,"B",6,"beta"
8.38148290806591,"C",0,"beta"
15.0735708007559,"C",1,"beta"
21.6857537101553,"C",2,"beta"
28.5838435791458,"C",3,"beta"
35.1673155583768,"C",4,"beta"
42.0021949918196,"C",5,"beta"
48.7986755753692,"C",6,"beta"
6.93856336061474,"D",0,"beta"
9.52322120137464,"D",1,"beta"
12.0228831986156,"D",2,"beta"
14.7155008141061,"D",3,"beta"
17.1983595866486,"D",4,"beta"
20.091161696144,"D",5,"beta"
22.5396296716404,"D",6,"beta"
7.80159743936395,"E",0,"beta"
13.8240171052412,"E",1,"beta"
20.0390201086499,"E",2,"beta"
26.3409417037166,"E",3,"beta"
32.4968896381843,"E",4,"beta"
38.7592963312406,"E",5,"beta"
44.9858310496743,"E",6,"beta"
8.52210426706581,"F",0,"beta"
17.9271030279462,"F",1,"beta"
27.2562307908238,"F",2,"beta"
36.764591969343,"F",3,"beta"
46.3038743792012,"F",4,"beta"
55.8024466151244,"F",5,"beta"
65.2421428315316,"F",6,"beta"
5.65631304432223,"G",0,"beta"
13.5415057699046,"G",1,"beta"
20.9719647631886,"G",2,"beta"
28.6825723084165,"G",3,"beta"
36.3830530822262,"G",4,"beta"
44.1120206263686,"G",5,"beta"
51.6038366391017,"G",6,"beta"
7.41495685444712,"H",0,"beta"
13.9690154630776,"H",1,"beta"
20.3276163692322,"H",2,"beta"
27.0148415454449,"H",3,"beta"
33.3241772198698,"H",4,"beta"
39.7107772932867,"H",5,"beta"
46.1471450043251,"H",6,"beta"
8.36630190790871,"I",0,"beta"
14.914103590181,"I",1,"beta"
21.3351695120421,"I",2,"beta"
27.7472298637791,"I",3,"beta"
34.2639630685792,"I",4,"beta"
40.7402882280397,"I",5,"beta"
47.4051757003594,"I",6,"beta"
7.89485984116447,"J",0,"beta"
13.7223865997319,"J",1,"beta"
19.3323198498258,"J",2,"beta"
25.0458093875241,"J",3,"beta"
30.5549484946178,"J",4,"beta"
36.3944506240834,"J",5,"beta"
42.1666771972367,"J",6,"beta"
5.6478781051692,"A",0,"alpha"
10.6698813155724,"A",1,"alpha"
15.734553027624,"A",2,"alpha"
20.9798538341231,"A",3,"alpha"
26.2068236149253,"A",4,"alpha"
31.1785841254274,"A",5,"alpha"
36.3313811326764,"A",6,"alpha"
4.18327498847559,"B",0,"alpha"
6.71301037390058,"B",1,"alpha"
9.34272834596411,"B",2,"alpha"
11.6967895033537,"B",3,"alpha"
14.4072555621246,"B",4,"alpha"
16.9941442659328,"B",5,"alpha"
19.6770852969179,"B",6,"alpha"
5.83543351554663,"C",0,"alpha"
8.98880073778862,"C",1,"alpha"
12.1900390417064,"C",2,"alpha"
15.4968465963331,"C",3,"alpha"
18.7008757294206,"C",4,"alpha"
21.8391561962073,"C",5,"alpha"
25.1347759389036,"C",6,"alpha"
4.18238335939457,"D",0,"alpha"
6.50168589151504,"D",1,"alpha"
8.64556559612838,"D",2,"alpha"
10.7345558134143,"D",3,"alpha"
13.0779476939397,"D",4,"alpha"
15.4161483509262,"D",5,"alpha"
17.513131723446,"D",6,"alpha"
5.22054926752857,"E",0,"alpha"
8.06567110853351,"E",1,"alpha"
10.7051073787625,"E",2,"alpha"
13.4967988465559,"E",3,"alpha"
16.0331512995605,"E",4,"alpha"
19.0074424106067,"E",5,"alpha"
21.452792542076,"E",6,"alpha"
6.10271887670658,"F",0,"alpha"
8.04641283661195,"F",1,"alpha"
10.1529030821861,"F",2,"alpha"
12.3859144312558,"F",3,"alpha"
14.5042404328848,"F",4,"alpha"
16.4181019156512,"F",5,"alpha"
18.6542040530473,"F",6,"alpha"
3.34666068960655,"G",0,"alpha"
6.81680163073188,"G",1,"alpha"
10.0524685657057,"G",2,"alpha"
13.4242665924456,"G",3,"alpha"
16.9375797756739,"G",4,"alpha"
20.5676341678989,"G",5,"alpha"
23.8037807674268,"G",6,"alpha"
4.85112310423063,"H",0,"alpha"
7.4314863918941,"H",1,"alpha"
9.73710168510317,"H",2,"alpha"
11.7896451092283,"H",3,"alpha"
14.3557801196254,"H",4,"alpha"
16.7621454382206,"H",5,"alpha"
19.0782788109108,"H",6,"alpha"
5.78001765437897,"I",0,"alpha"
9.20423102984276,"I",1,"alpha"
12.6475003187081,"I",2,"alpha"
15.7444135421136,"I",3,"alpha"
18.9959320643276,"I",4,"alpha"
22.4886931364618,"I",5,"alpha"
25.6920351196569,"I",6,"alpha"
5.64223171946805,"J",0,"alpha"
8.30184804302194,"J",1,"alpha"
11.3578691187084,"J",2,"alpha"
14.0211123554111,"J",3,"alpha"
16.8817640477872,"J",4,"alpha"
19.7193640176379,"J",5,"alpha"
22.466794694102,"J",6,"alpha"
8.33664984697967,"A",0,"beta"
16.1998199821679,"A",1,"beta"
24.0969745929146,"A",2,"beta"
32.0290699389754,"A",3,"beta"
39.8679751983731,"A",4,"beta"
48.0189905768061,"A",5,"beta"
55.9550998833651,"A",6,"beta"
6.62039875497947,"B",0,"beta"
12.1243695096023,"B",1,"beta"
17.9688804837588,"B",2,"beta"
23.6698829946402,"B",3,"beta"
29.5483039959243,"B",4,"beta"
35.0359632534487,"B",5,"beta"
40.8638937257097,"B",6,"beta"
8.38889266805096,"C",0,"beta"
15.0158575543801,"C",1,"beta"
21.8216157541141,"C",2,"beta"
28.3114702458374,"C",3,"beta"
35.130161958376,"C",4,"beta"
41.8609683748553,"C",5,"beta"
48.5025938486237,"C",6,"beta"
6.63538276600901,"D",0,"beta"
9.52634882844254,"D",1,"beta"
12.0096690108741,"D",2,"beta"
14.8063251655987,"D",3,"beta"
17.4641721216523,"D",4,"beta"
20.0981674449623,"D",5,"beta"
22.7067680288753,"D",6,"beta"
7.75516636970922,"E",0,"beta"
13.8769823442876,"E",1,"beta"
20.0878171668888,"E",2,"beta"
26.4095429288545,"E",3,"beta"
32.5792211743738,"E",4,"beta"
38.8542927965979,"E",5,"beta"
44.974709403363,"E",6,"beta"
8.43828308550932,"F",0,"beta"
18.0438575239645,"F",1,"beta"
27.240764861675,"F",2,"beta"
36.7477162914912,"F",3,"beta"
46.3559030853474,"F",4,"beta"
55.7148150566056,"F",5,"beta"
65.053662594822,"F",6,"beta"
5.78289995831457,"G",0,"beta"
13.174555176192,"G",1,"beta"
21.0287817586336,"G",2,"beta"
28.6862610127252,"G",3,"beta"
36.3055867476498,"G",4,"beta"
44.0563173335049,"G",5,"beta"
51.6365924314904,"G",6,"beta"
7.54552453589336,"H",0,"beta"
13.8883152249339,"H",1,"beta"
20.2540291027874,"H",2,"beta"
26.8846110497139,"H",3,"beta"
33.3066748286415,"H",4,"beta"
39.7430324221032,"H",5,"beta"
46.303861095332,"H",6,"beta"
8.42385983013007,"I",0,"beta"
14.8622594673317,"I",1,"beta"
21.3687621323268,"I",2,"beta"
27.9079665069471,"I",3,"beta"
34.5005748352362,"I",4,"beta"
40.766428557626,"I",5,"beta"
47.3627435253222,"I",6,"beta"
7.95388201642083,"J",0,"beta"
13.7245174287305,"J",1,"beta"
19.4622504920185,"J",2,"beta"
24.8789894036887,"J",3,"beta"
30.4570903622346,"J",4,"beta"
36.3704503591762,"J",5,"beta"
42.0526221133528,"J",6,"beta"
5.41231847992724,"A",0,"alpha"
10.7333347191546,"A",1,"alpha"
15.795007471,"A",2,"alpha"
21.005193364187,"A",3,"alpha"
26.2049257770451,"A",4,"alpha"
31.2591506004931,"A",5,"alpha"
36.3702596154342,"A",6,"alpha"
4.25538912592822,"B",0,"alpha"
6.65183558312519,"B",1,"alpha"
9.02542132221223,"B",2,"alpha"
11.7395457776664,"B",3,"alpha"
14.4622340732726,"B",4,"alpha"
17.0712123893776,"B",5,"alpha"
19.4363627591338,"B",6,"alpha"
5.65284560980439,"C",0,"alpha"
8.93310729882352,"C",1,"alpha"
12.3788700284516,"C",2,"alpha"
15.5421599982237,"C",3,"alpha"
18.7071411761511,"C",4,"alpha"
21.9036437034695,"C",5,"alpha"
25.0883150003489,"C",6,"alpha"
4.35044651958215,"D",0,"alpha"
6.58735174167545,"D",1,"alpha"
8.73303667484452,"D",2,"alpha"
11.0500974731588,"D",3,"alpha"
13.1891029044551,"D",4,"alpha"
15.46822248155,"D",5,"alpha"
17.4027341543241,"D",6,"alpha"
5.31944400526756,"E",0,"alpha"
7.87426482339468,"E",1,"alpha"
10.711559680715,"E",2,"alpha"
13.2366848117074,"E",3,"alpha"
16.149939375228,"E",4,"alpha"
18.7561898711975,"E",5,"alpha"
21.5214357682077,"E",6,"alpha"
6.08619862039518,"F",0,"alpha"
8.19949147983739,"F",1,"alpha"
10.0927034665025,"F",2,"alpha"
12.3527930491416,"F",3,"alpha"
14.4511750389021,"F",4,"alpha"
16.2345120390802,"F",5,"alpha"
18.546640358346,"F",6,"alpha"
3.20360422884955,"G",0,"alpha"
6.63797068194463,"G",1,"alpha"
9.99012842667639,"G",2,"alpha"
13.4291874341448,"G",3,"alpha"
16.9337090593191,"G",4,"alpha"
20.4820030172863,"G",5,"alpha"
23.7817586680986,"G",6,"alpha"
5.01883052707165,"H",0,"alpha"
7.43033143032787,"H",1,"alpha"
9.64744475632504,"H",2,"alpha"
12.0378078729874,"H",3,"alpha"
14.4558663708399,"H",4,"alpha"
16.5760100062203,"H",5,"alpha"
19.0989644740883,"H",6,"alpha"
5.9296756514098,"I",0,"alpha"
9.14219920883652,"I",1,"alpha"
12.4567882748295,"I",2,"alpha"
15.7645357668794,"I",3,"alpha"
19.2120420292789,"I",4,"alpha"
22.2455710495322,"I",5,"alpha"
25.6887920037294,"I",6,"alpha"
5.55157421499776,"J",0,"alpha"
8.2857035411389,"J",1,"alpha"
11.1551749365228,"J",2,"alpha"
13.9241537384025,"J",3,"alpha"
16.9634576704828,"J",4,"alpha"
19.6442001384858,"J",5,"alpha"
22.4305483873554,"J",6,"alpha"
8.09604585942857,"A",0,"beta"
16.2582832211911,"A",1,"beta"
23.9701473401661,"A",2,"beta"
31.9710736121798,"A",3,"beta"
40.0033553263228,"A",4,"beta"
48.0317606714259,"A",5,"beta"
55.9121891526218,"A",6,"beta"
6.65055470633487,"B",0,"beta"
12.2781181098263,"B",1,"beta"
18.038520432207,"B",2,"beta"
23.9010566464213,"B",3,"beta"
29.4295226979468,"B",4,"beta"
35.1774312850011,"B",5,"beta"
40.8049186626463,"B",6,"beta"
8.28017537193836,"C",0,"beta"
15.0280353413717,"C",1,"beta"
21.8120574692573,"C",2,"beta"
28.4220319957044,"C",3,"beta"
34.9704161036356,"C",4,"beta"
41.989271626606,"C",5,"beta"
48.674661261445,"C",6,"beta"
6.79957674782619,"D",0,"beta"
9.30508008615727,"D",1,"beta"
11.9676402949536,"D",2,"beta"
14.7316425258422,"D",3,"beta"
17.4297889932077,"D",4,"beta"
19.8202039547581,"D",5,"beta"
22.6104235793416,"D",6,"beta"
7.80060925831306,"E",0,"beta"
13.9337289346525,"E",1,"beta"
20.1607521103036,"E",2,"beta"
26.2866779015051,"E",3,"beta"
32.5296196587647,"E",4,"beta"
38.753627888194,"E",5,"beta"
44.9311335085926,"E",6,"beta"
8.72664167020433,"F",0,"beta"
18.0057180055906,"F",1,"beta"
27.5823244357699,"F",2,"beta"
37.0030717372978,"F",3,"beta"
46.2819052375038,"F",4,"beta"
55.6995426594397,"F",5,"beta"
65.0528103445105,"F",6,"beta"
5.68756896933982,"G",0,"beta"
13.1461627940812,"G",1,"beta"
21.1150083858567,"G",2,"beta"
28.6531257704268,"G",3,"beta"
36.4919556089665,"G",4,"beta"
43.961675401377,"G",5,"beta"
51.542458820068,"G",6,"beta"
7.37532696877428,"H",0,"beta"
13.8540619282726,"H",1,"beta"
20.2649270348476,"H",2,"beta"
26.8567177101065,"H",3,"beta"
33.0248449913766,"H",4,"beta"
39.7139572935727,"H",5,"beta"
46.3444777973167,"H",6,"beta"
8.31792215568201,"I",0,"beta"
14.8659511197164,"I",1,"beta"
21.2195385779431,"I",2,"beta"
27.895397194426,"I",3,"beta"
34.3337978986415,"I",4,"beta"
40.739135875591,"I",5,"beta"
47.5341674170992,"I",6,"beta"
7.67823975783521,"J",0,"beta"
13.7461773493179,"J",1,"beta"
19.4319843119888,"J",2,"beta"
25.0743277617923,"J",3,"beta"
30.6664201785276,"J",4,"beta"
36.2791848849432,"J",5,"beta"
41.9869935082755,"J",6,"beta"
5.65033440867976,"A",0,"alpha"
10.5786974161778,"A",1,"alpha"
15.9547479716051,"A",2,"alpha"
21.1097233053326,"A",3,"alpha"
26.0334819833729,"A",4,"alpha"
31.2072603266694,"A",5,"alpha"
36.4462738069225,"A",6,"alpha"
4.23071680775356,"B",0,"alpha"
6.7236060165566,"B",1,"alpha"
9.30580775923788,"B",2,"alpha"
11.8813169426186,"B",3,"alpha"
14.3286648741377,"B",4,"alpha"
17.1420571831296,"B",5,"alpha"
19.5049671070718,"B",6,"alpha"
5.95428913816879,"C",0,"alpha"
9.05457536595657,"C",1,"alpha"
12.3604010738843,"C",2,"alpha"
15.4900012190854,"C",3,"alpha"
18.732761742298,"C",4,"alpha"
21.8676896930868,"C",5,"alpha"
24.945044407099,"C",6,"alpha"
4.35264197142905,"D",0,"alpha"
6.59100704352395,"D",1,"alpha"
8.83509255356731,"D",2,"alpha"
10.9575473218565,"D",3,"alpha"
13.0789162250477,"D",4,"alpha"
15.2608881161892,"D",5,"alpha"
17.6239160157004,"D",6,"alpha"
5.36402108979103,"E",0,"alpha"
8.08841886212725,"E",1,"alpha"
10.8168048546204,"E",2,"alpha"
13.4451600054019,"E",3,"alpha"
16.035410882215,"E",4,"alpha"
18.8873862368835,"E",5,"alpha"
21.6393367496168,"E",6,"alpha"
6.17631965045668,"F",0,"alpha"
8.12961404490843,"F",1,"alpha"
10.1515512628107,"F",2,"alpha"
12.2302581735489,"F",3,"alpha"
14.3066262058882,"F",4,"alpha"
16.6242658764953,"F",5,"alpha"
18.5311955072341,"F",6,"alpha"
3.17247345958889,"G",0,"alpha"
6.65167561846759,"G",1,"alpha"
10.0651907642093,"G",2,"alpha"
13.6568831461994,"G",3,"alpha"
17.0343674352933,"G",4,"alpha"
20.3769492320097,"G",5,"alpha"
23.8244266096443,"G",6,"alpha"
5.07989590496273,"H",0,"alpha"
7.23473706693737,"H",1,"alpha"
9.65300156792614,"H",2,"alpha"
11.8682851707421,"H",3,"alpha"
14.5150452062852,"H",4,"alpha"
16.7284883895468,"H",5,"alpha"
19.0599214128729,"H",6,"alpha"
6.03941204786643,"I",0,"alpha"
9.17226645451692,"I",1,"alpha"
12.4554522056902,"I",2,"alpha"
15.8632938935335,"I",3,"alpha"
18.9861922240916,"I",4,"alpha"
22.4637171428664,"I",5,"alpha"
25.7345678835756,"I",6,"alpha"
5.56566014174768,"J",0,"alpha"
8.18725412053478,"J",1,"alpha"
11.2922021328749,"J",2,"alpha"
14.0075867050122,"J",3,"alpha"
16.7917675746646,"J",4,"alpha"
19.6618486025208,"J",5,"alpha"
22.5472012140698,"J",6,"alpha"
8.02402320092172,"A",0,"beta"
16.2018425472039,"A",1,"beta"
24.2819643818389,"A",2,"beta"
32.090571187465,"A",3,"beta"
39.9808275456574,"A",4,"beta"
47.8966977866275,"A",5,"beta"
55.8644222888846,"A",6,"beta"
6.3896894130446,"B",0,"beta"
12.2296210999341,"B",1,"beta"
18.102313828582,"B",2,"beta"
23.6734073732229,"B",3,"beta"
29.3457499591415,"B",4,"beta"
35.1765793798716,"B",5,"beta"
41.0223964964618,"B",6,"beta"
8.47403918898829,"C",0,"beta"
14.874889658736,"C",1,"beta"
21.8251016583243,"C",2,"beta"
28.5070453245929,"C",3,"beta"
35.3067210816695,"C",4,"beta"
42.0761941619623,"C",5,"beta"
48.7432649439722,"C",6,"beta"
6.79806923058076,"D",0,"beta"
9.44302508193841,"D",1,"beta"
12.0290307998076,"D",2,"beta"
14.7072734805473,"D",3,"beta"
17.3202669321186,"D",4,"beta"
20.0411160894821,"D",5,"beta"
22.5571956378456,"D",6,"beta"
7.97875690268536,"E",0,"beta"
14.0415024583545,"E",1,"beta"
20.2541341981442,"E",2,"beta"
26.3961743322581,"E",3,"beta"
32.6280758501254,"E",4,"beta"
38.7356801713751,"E",5,"beta"
44.9337603876163,"E",6,"beta"
8.61718250489707,"F",0,"beta"
18.0007197407392,"F",1,"beta"
27.3775761267394,"F",2,"beta"
36.8164078980448,"F",3,"beta"
46.3484995264766,"F",4,"beta"
55.6845530294578,"F",5,"beta"
65.1090694045817,"F",6,"beta"
5.68604777557606,"G",0,"beta"
13.2900037753685,"G",1,"beta"
21.0818962464672,"G",2,"beta"
28.6596398665466,"G",3,"beta"
36.4470703279069,"G",4,"beta"
44.0397617129216,"G",5,"beta"
51.745281410272,"G",6,"beta"
7.47001570240873,"H",0,"beta"
13.9389678777503,"H",1,"beta"
20.31469039718,"H",2,"beta"
26.840778616181,"H",3,"beta"
33.2795808453792,"H",4,"beta"
39.7662132025391,"H",5,"beta"
46.2853042031633,"H",6,"beta"
8.42334243239882,"I",0,"beta"
14.8556595657932,"I",1,"beta"
21.3016989568893,"I",2,"beta"
27.8517688102643,"I",3,"beta"
34.4696087904431,"I",4,"beta"
40.8077240603727,"I",5,"beta"
47.1505624858718,"I",6,"beta"
7.9706917175563,"J",0,"beta"
13.7467099414444,"J",1,"beta"
19.20296873109,"J",2,"beta"
24.9885783278101,"J",3,"beta"
30.7424960874335,"J",4,"beta"
36.1602644212489,"J",5,"beta"
41.8679778853013,"J",6,"beta"
5.6693918583278,"A",0,"alpha"
10.7155256282279,"A",1,"alpha"
15.8113128437641,"A",2,"alpha"
20.8235695757723,"A",3,"alpha"
25.8740888505078,"A",4,"alpha"
31.2861010154027,"A",5,"alpha"
36.301319584095,"A",6,"alpha"
4.08187801267244,"B",0,"alpha"
6.71350768503601,"B",1,"alpha"
9.22391251405416,"B",2,"alpha"
11.8141812616681,"B",3,"alpha"
14.3016387493622,"B",4,"alpha"
16.8478605722663,"B",5,"alpha"
19.3711759830268,"B",6,"alpha"
5.8888806106965,"C",0,"alpha"
9.00524257958959,"C",1,"alpha"
12.4726858659902,"C",2,"alpha"
15.4690882774776,"C",3,"alpha"
18.7729293113707,"C",4,"alpha"
21.8799230582033,"C",5,"alpha"
24.9483307009651,"C",6,"alpha"
4.17888988506987,"D",0,"alpha"
6.54896634034969,"D",1,"alpha"
8.67197085606617,"D",2,"alpha"
10.808599141695,"D",3,"alpha"
13.0410684039489,"D",4,"alpha"
15.2881006040949,"D",5,"alpha"
17.6680645675142,"D",6,"alpha"
5.32282848854663,"E",0,"alpha"
7.96781924801063,"E",1,"alpha"
10.6553707126886,"E",2,"alpha"
13.4737692500509,"E",3,"alpha"
16.1706066320323,"E",4,"alpha"
18.5994238244565,"E",5,"alpha"
21.512421391133,"E",6,"alpha"
5.99902803815635,"F",0,"alpha"
8.06586022590915,"F",1,"alpha"
10.3956094256349,"F",2,"alpha"
12.2124925105461,"F",3,"alpha"
14.3889017033055,"F",4,"alpha"
16.3929287688644,"F",5,"alpha"
18.524227737777,"F",6,"alpha"
3.21046621651784,"G",0,"alpha"
6.67060674721808,"G",1,"alpha"
10.0466976667093,"G",2,"alpha"
13.5666545355817,"G",3,"alpha"
16.9904038035455,"G",4,"alpha"
20.4218605189831,"G",5,"alpha"
23.7058103578018,"G",6,"alpha"
5.11610901869879,"H",0,"alpha"
7.29518336207981,"H",1,"alpha"
9.74861214143484,"H",2,"alpha"
11.9459798962652,"H",3,"alpha"
14.3701854699809,"H",4,"alpha"
16.9438374397996,"H",5,"alpha"
19.0665496481426,"H",6,"alpha"
5.92185708354719,"I",0,"alpha"
9.15380009257917,"I",1,"alpha"
12.4429543171471,"I",2,"alpha"
15.6122996548955,"I",3,"alpha"
19.0668733224938,"I",4,"alpha"
22.6137448314941,"I",5,"alpha"
25.4680285784802,"I",6,"alpha"
5.5421967298381,"J",0,"alpha"
8.201965631873,"J",1,"alpha"
11.0751156078529,"J",2,"alpha"
14.0435664006207,"J",3,"alpha"
16.9453511792119,"J",4,"alpha"
19.7032523544701,"J",5,"alpha"
22.5067583889763,"J",6,"alpha"
8.01805093917037,"A",0,"beta"
15.8818156267912,"A",1,"beta"
24.0495454564444,"A",2,"beta"
31.9396143663465,"A",3,"beta"
39.9806616680747,"A",4,"beta"
48.0279260592094,"A",5,"beta"
55.9748185877682,"A",6,"beta"
6.46652193750686,"B",0,"beta"
12.2707306308645,"B",1,"beta"
18.0262479102735,"B",2,"beta"
23.7848948382318,"B",3,"beta"
29.440030081792,"B",4,"beta"
35.3251053531485,"B",5,"beta"
41.004186069151,"B",6,"beta"
8.26034450668982,"C",0,"beta"
15.0751553316879,"C",1,"beta"
21.879143826981,"C",2,"beta"
28.589872703346,"C",3,"beta"
35.1300357796353,"C",4,"beta"
41.9294427202847,"C",5,"beta"
48.8083843058559,"C",6,"beta"
6.47021416122155,"D",0,"beta"
9.50968757033614,"D",1,"beta"
12.0396586485178,"D",2,"beta"
14.7026872423734,"D",3,"beta"
17.1596602726942,"D",4,"beta"
19.9584209203296,"D",5,"beta"
22.5619873404963,"D",6,"beta"
7.888230258549,"E",0,"beta"
13.8243352906395,"E",1,"beta"
20.1394522486687,"E",2,"beta"
26.3914742514443,"E",3,"beta"
32.5598511807692,"E",4,"beta"
38.89615994903,"E",5,"beta"
44.8655130479646,"E",6,"beta"
8.55376318535382,"F",0,"beta"
18.0259893631558,"F",1,"beta"
27.4639895293454,"F",2,"beta"
36.7394278066713,"F",3,"beta"
46.1809538662593,"F",4,"beta"
55.5461263634603,"F",5,"beta"
65.1845773407003,"F",6,"beta"
5.60676447857316,"G",0,"beta"
13.3512023802813,"G",1,"beta"
21.0901061595348,"G",2,"beta"
28.7904189241758,"G",3,"beta"
36.37466588423,"G",4,"beta"
44.1209132618163,"G",5,"beta"
51.6657011652777,"G",6,"beta"
7.28852951418489,"H",0,"beta"
13.9826488387183,"H",1,"beta"
20.4076551826892,"H",2,"beta"
26.6804833826916,"H",3,"beta"
32.9544666702848,"H",4,"beta"
39.7395183212429,"H",5,"beta"
46.1744008234274,"H",6,"beta"
8.3955962779448,"I",0,"beta"
15.0977094509137,"I",1,"beta"
21.1410774404025,"I",2,"beta"
27.9865580173738,"I",3,"beta"
34.4447941652456,"I",4,"beta"
40.8937451292095,"I",5,"beta"
47.3436516062426,"I",6,"beta"
7.95378847865465,"J",0,"beta"
13.5438629350977,"J",1,"beta"
19.3320887736257,"J",2,"beta"
25.063137870641,"J",3,"beta"
30.6888332272763,"J",4,"beta"
36.3971894026221,"J",5,"beta"
42.1289356204286,"J",6,"beta"
5.66994152318478,"A",0,"alpha"
10.8138962839784,"A",1,"alpha"
15.6537932912341,"A",2,"alpha"
21.1367530710666,"A",3,"alpha"
26.1013108830976,"A",4,"alpha"
31.0777569927827,"A",5,"alpha"
36.3155405087771,"A",6,"alpha"
4.14892157813686,"B",0,"alpha"
6.775590271825,"B",1,"alpha"
9.29919853814121,"B",2,"alpha"
11.6792477837279,"B",3,"alpha"
14.3852723026828,"B",4,"alpha"
17.042356238309,"B",5,"alpha"
19.3022621640498,"B",6,"alpha"
5.93394383025661,"C",0,"alpha"
9.13089327045068,"C",1,"alpha"
12.2388431379432,"C",2,"alpha"
15.3280532191374,"C",3,"alpha"
18.604076677469,"C",4,"alpha"
21.7685680687532,"C",5,"alpha"
25.108092908807,"C",6,"alpha"
4.18386597741782,"D",0,"alpha"
6.53334183366333,"D",1,"alpha"
8.69931290674235,"D",2,"alpha"
10.8880229144971,"D",3,"alpha"
13.0298088985163,"D",4,"alpha"
15.3304335606248,"D",5,"alpha"
17.6375751495707,"D",6,"alpha"
5.30650165301714,"E",0,"alpha"
8.16556947067617,"E",1,"alpha"
10.6647526370242,"E",2,"alpha"
13.3099111773703,"E",3,"alpha"
16.0824687826972,"E",4,"alpha"
18.7130158796126,"E",5,"alpha"
21.3881880192782,"E",6,"alpha"
6.00268998858448,"F",0,"alpha"
8.26504064857294,"F",1,"alpha"
10.3346722598844,"F",2,"alpha"
12.1711380940525,"F",3,"alpha"
14.2958822656223,"F",4,"alpha"
16.4890747987045,"F",5,"alpha"
18.4921801442399,"F",6,"alpha"
3.15442374867496,"G",0,"alpha"
6.69681225061803,"G",1,"alpha"
10.1811526913697,"G",2,"alpha"
13.7369229192176,"G",3,"alpha"
16.9370096338006,"G",4,"alpha"
20.4353204626229,"G",5,"alpha"
23.8566345829285,"G",6,"alpha"
5.09270510464311,"H",0,"alpha"
7.35344958700677,"H",1,"alpha"
9.75558452463582,"H",2,"alpha"
12.0149775236445,"H",3,"alpha"
14.3961673658408,"H",4,"alpha"
16.8414733443829,"H",5,"alpha"
18.9926065236631,"H",6,"alpha"
5.65637245987758,"I",0,"alpha"
9.21444707484707,"I",1,"alpha"
12.4726410398787,"I",2,"alpha"
15.8056107972352,"I",3,"alpha"
19.0324309094427,"I",4,"alpha"
22.2398042126878,"I",5,"alpha"
25.8132270863598,"I",6,"alpha"
5.40442705752014,"J",0,"alpha"
8.20070953057949,"J",1,"alpha"
11.240502964328,"J",2,"alpha"
13.9694854866998,"J",3,"alpha"
16.9981585122519,"J",4,"alpha"
19.7129886720868,"J",5,"alpha"
22.5880274847913,"J",6,"alpha"
8.05436565777928,"A",0,"beta"
16.1405343471061,"A",1,"beta"
24.1968652588607,"A",2,"beta"
32.1033299905938,"A",3,"beta"
39.9035546048583,"A",4,"beta"
47.8651600161081,"A",5,"beta"
55.8072730017826,"A",6,"beta"
6.48314297003908,"B",0,"beta"
12.1994012652571,"B",1,"beta"
17.8836361392362,"B",2,"beta"
23.6773504654702,"B",3,"beta"
29.5304392311399,"B",4,"beta"
35.1853820037848,"B",5,"beta"
40.549798955433,"B",6,"beta"
8.49743579595095,"C",0,"beta"
15.2520527070245,"C",1,"beta"
21.7591751575346,"C",2,"beta"
28.691458493512,"C",3,"beta"
35.2733259431932,"C",4,"beta"
42.0026476902205,"C",5,"beta"
48.7405668154379,"C",6,"beta"
6.8094581424999,"D",0,"beta"
9.57403500981236,"D",1,"beta"
11.9853512411242,"D",2,"beta"
14.6564273545962,"D",3,"beta"
17.2459259596191,"D",4,"beta"
20.0091133350981,"D",5,"beta"
22.7374225088125,"D",6,"beta"
7.79071227370785,"E",0,"beta"
14.0278658951962,"E",1,"beta"
20.1472705567691,"E",2,"beta"
26.4862912364367,"E",3,"beta"
32.4167268522043,"E",4,"beta"
38.6918930252309,"E",5,"beta"
44.8897403578914,"E",6,"beta"
8.66711587363319,"F",0,"beta"
17.9224746751167,"F",1,"beta"
27.4804335598119,"F",2,"beta"
36.8238942368974,"F",3,"beta"
46.289304491094,"F",4,"beta"
55.5901517320305,"F",5,"beta"
65.221161063987,"F",6,"beta"
5.73708546706917,"G",0,"beta"
13.3532772543274,"G",1,"beta"
20.9137923058127,"G",2,"beta"
28.724445035377,"G",3,"beta"
36.3802138560544,"G",4,"beta"
43.888549626966,"G",5,"beta"
51.4966486781616,"G",6,"beta"
7.49297373978869,"H",0,"beta"
13.881804562374,"H",1,"beta"
20.2909790482966,"H",2,"beta"
26.9036708618595,"H",3,"beta"
33.2538845434926,"H",4,"beta"
39.7887024642261,"H",5,"beta"
46.2370653974106,"H",6,"beta"
8.39986847042628,"I",0,"beta"
14.8130295813851,"I",1,"beta"
21.349264225293,"I",2,"beta"
27.8300817273534,"I",3,"beta"
34.4234648678699,"I",4,"beta"
40.9575035148745,"I",5,"beta"
47.3881436978675,"I",6,"beta"
7.72377676620266,"J",0,"beta"
13.8590516866666,"J",1,"beta"
19.189807375266,"J",2,"beta"
24.9068647471055,"J",3,"beta"
30.6352242332767,"J",4,"beta"
36.4989485069101,"J",5,"beta"
41.940760533433,"J",6,"beta"
5.62990379044243,"A",0,"alpha"
10.6612424344192,"A",1,"alpha"
15.9054948198328,"A",2,"alpha"
21.2257889772667,"A",3,"alpha"
26.0555569058068,"A",4,"alpha"
31.1829005255883,"A",5,"alpha"
36.5854980471835,"A",6,"alpha"
4.01530221226926,"B",0,"alpha"
6.7119417750783,"B",1,"alpha"
9.31138751719283,"B",2,"alpha"
11.5647105485796,"B",3,"alpha"
14.3600289051211,"B",4,"alpha"
16.9098723067234,"B",5,"alpha"
19.5070788577543,"B",6,"alpha"
5.91227346733232,"C",0,"alpha"
9.11575273349564,"C",1,"alpha"
12.3439366353465,"C",2,"alpha"
15.4744260204221,"C",3,"alpha"
18.620404115227,"C",4,"alpha"
21.9503348152399,"C",5,"alpha"
24.8699136507877,"C",6,"alpha"
4.37960171952004,"D",0,"alpha"
6.48790787959661,"D",1,"alpha"
8.876249848469,"D",2,"alpha"
10.9947090395966,"D",3,"alpha"
13.0032103302082,"D",4,"alpha"
15.1855750340926,"D",5,"alpha"
17.5720141572106,"D",6,"alpha"
5.37814032027644,"E",0,"alpha"
7.82407407693593,"E",1,"alpha"
10.720331669261,"E",2,"alpha"
13.4037200454091,"E",3,"alpha"
16.0262387487691,"E",4,"alpha"
18.9477231761186,"E",5,"alpha"
21.5629916840825,"E",6,"alpha"
6.25348067613234,"F",0,"alpha"
8.24117250985922,"F",1,"alpha"
10.1777543255566,"F",2,"alpha"
12.3805658613286,"F",3,"alpha"
14.4334935521981,"F",4,"alpha"
16.4978204365807,"F",5,"alpha"
18.6908422472904,"F",6,"alpha"
3.2529196263688,"G",0,"alpha"
6.79496612820749,"G",1,"alpha"
10.3384072691488,"G",2,"alpha"
13.5231806645831,"G",3,"alpha"
16.7715420987375,"G",4,"alpha"
20.2735658775843,"G",5,"alpha"
23.8079119026381,"G",6,"alpha"
5.01244890293155,"H",0,"alpha"
7.20822972457251,"H",1,"alpha"
9.73652097643425,"H",2,"alpha"
12.0778141748787,"H",3,"alpha"
14.5161002644908,"H",4,"alpha"
16.6420279949735,"H",5,"alpha"
19.2365454546455,"H",6,"alpha"
5.73638477343374,"I",0,"alpha"
9.11613816366553,"I",1,"alpha"
12.517826052598,"I",2,"alpha"
15.7589688781878,"I",3,"alpha"
19.0802871164098,"I",4,"alpha"
22.3764884473935,"I",5,"alpha"
25.7985145514347,"I",6,"alpha"
5.53441263976448,"J",0,"alpha"
8.43225381245806,"J",1,"alpha"
11.267199120485,"J",2,"alpha"
13.7947202583913,"J",3,"alpha"
16.7320318763333,"J",4,"alpha"
19.567426526497,"J",5,"alpha"
22.4253143861916,"J",6,"alpha"
8.1529146347511,"A",0,"beta"
15.886544093231,"A",1,"beta"
23.9702777970717,"A",2,"beta"
32.1076148053915,"A",3,"beta"
39.8422435639873,"A",4,"beta"
47.9489602206908,"A",5,"beta"
55.8775327996382,"A",6,"beta"
6.3339730601376,"B",0,"beta"
12.4232569577885,"B",1,"beta"
17.9227230399348,"B",2,"beta"
23.6091478608963,"B",3,"beta"
29.4932663131889,"B",4,"beta"
34.9202161980382,"B",5,"beta"
40.718010456349,"B",6,"beta"
8.44340494164586,"C",0,"beta"
15.0431933272674,"C",1,"beta"
21.9625721727438,"C",2,"beta"
28.5383410481447,"C",3,"beta"
35.2862554415422,"C",4,"beta"
42.0083606056108,"C",5,"beta"
48.6404935173988,"C",6,"beta"
6.79835218578345,"D",0,"beta"
9.2885705134453,"D",1,"beta"
11.9891959233716,"D",2,"beta"
14.8234169516806,"D",3,"beta"
17.2870298862588,"D",4,"beta"
19.9942128354916,"D",5,"beta"
22.7048218139824,"D",6,"beta"
7.81989012599559,"E",0,"beta"
14.0537573198158,"E",1,"beta"
20.4498417153052,"E",2,"beta"
26.2916090955581,"E",3,"beta"
32.5551980648056,"E",4,"beta"
38.7365014879392,"E",5,"beta"
44.8146344504651,"E",6,"beta"
8.63918991587683,"F",0,"beta"
18.0220187250971,"F",1,"beta"
27.2253391105439,"F",2,"beta"
36.8641756472078,"F",3,"beta"
46.4556603911736,"F",4,"beta"
55.8849152646145,"F",5,"beta"
65.2791588600428,"F",6,"beta"
5.71297984426789,"G",0,"beta"
13.449409005405,"G",1,"beta"
21.0824641140847,"G",2,"beta"
28.6947856946374,"G",3,"beta"
36.4491113522149,"G",4,"beta"
43.9971692307581,"G",5,"beta"
51.6160334484748,"G",6,"beta"
7.48877858427235,"H",0,"beta"
13.8806258417821,"H",1,"beta"
20.3704028163722,"H",2,"beta"
26.8784028413258,"H",3,"beta"
33.1585564402152,"H",4,"beta"
39.7938725351542,"H",5,"beta"
46.2205508936324,"H",6,"beta"
8.46178103453105,"I",0,"beta"
14.8382849424426,"I",1,"beta"
21.4013785793788,"I",2,"beta"
27.7837531920478,"I",3,"beta"
34.376516933436,"I",4,"beta"
40.801737065025,"I",5,"beta"
47.4295829945048,"I",6,"beta"
8.04806533480341,"J",0,"beta"
13.7202686857282,"J",1,"beta"
19.3581733751215,"J",2,"beta"
25.0379408460171,"J",3,"beta"
30.6446384900429,"J",4,"beta"
36.3239853246114,"J",5,"beta"
42.1028777802151,"J",6,"beta"
5.68499737034743,"A",0,"alpha"
10.8039768427736,"A",1,"alpha"
15.6937392422629,"A",2,"alpha"
20.9605475380035,"A",3,"alpha"
26.1862868754161,"A",4,"alpha"
31.1250418436627,"A",5,"alpha"
36.3330997130297,"A",6,"alpha"
4.11327665353332,"B",0,"alpha"
6.94515862592058,"B",1,"alpha"
9.21664987895262,"B",2,"alpha"
11.6830198417181,"B",3,"alpha"
14.4061973157527,"B",4,"alpha"
16.8940053614479,"B",5,"alpha"
19.4375970175961,"B",6,"alpha"
6.00094081355139,"C",0,"alpha"
9.06812141485228,"C",1,"alpha"
12.4762777270976,"C",2,"alpha"
15.5161429098581,"C",3,"alpha"
18.7760418762915,"C",4,"alpha"
21.9414431502192,"C",5,"alpha"
24.9905627255236,"C",6,"alpha"
4.30289596585799,"D",0,"alpha"
6.43456190180241,"D",1,"alpha"
8.66110700287262,"D",2,"alpha"
10.8537431540699,"D",3,"alpha"
13.2485303055106,"D",4,"alpha"
15.3467769859715,"D",5,"alpha"
17.4384145247699,"D",6,"alpha"
5.28924212887489,"E",0,"alpha"
7.97700898876388,"E",1,"alpha"
10.5528959261877,"E",2,"alpha"
13.2914971523273,"E",3,"alpha"
15.9637385124093,"E",4,"alpha"
18.8241694415987,"E",5,"alpha"
21.6116039844905,"E",6,"alpha"
6.30394333126854,"F",0,"alpha"
8.36511749376499,"F",1,"alpha"
10.2625945438612,"F",2,"alpha"
12.3316875538754,"F",3,"alpha"
14.4917505169712,"F",4,"alpha"
16.4403170468956,"F",5,"alpha"
18.6022381117397,"F",6,"alpha"
3.26183314440171,"G",0,"alpha"
6.57187975005957,"G",1,"alpha"
10.0787450076827,"G",2,"alpha"
13.3328179847191,"G",3,"alpha"
16.9375099694001,"G",4,"alpha"
20.3511153800209,"G",5,"alpha"
23.9147630418526,"G",6,"alpha"
4.79662412921218,"H",0,"alpha"
7.29408011211313,"H",1,"alpha"
9.71172419095832,"H",2,"alpha"
11.8848044704589,"H",3,"alpha"
14.3467475602607,"H",4,"alpha"
16.837388394269,"H",5,"alpha"
18.9928999164419,"H",6,"alpha"
5.96967602884506,"I",0,"alpha"
9.331890330999,"I",1,"alpha"
12.4126149293489,"I",2,"alpha"
15.6959354176195,"I",3,"alpha"
19.1806917637809,"I",4,"alpha"
22.2737970408578,"I",5,"alpha"
25.5416037009318,"I",6,"alpha"
5.39729987788884,"J",0,"alpha"
8.42819895441828,"J",1,"alpha"
11.0336633030116,"J",2,"alpha"
13.8717484650507,"J",3,"alpha"
16.7979451824413,"J",4,"alpha"
19.7037456816712,"J",5,"alpha"
22.6309465800289,"J",6,"alpha"
8.1417947224131,"A",0,"beta"
16.0771417443779,"A",1,"beta"
24.2226560681239,"A",2,"beta"
31.8645732420122,"A",3,"beta"
40.1581729942734,"A",4,"beta"
48.082588389769,"A",5,"beta"
56.0197350196963,"A",6,"beta"
6.66640163241245,"B",0,"beta"
12.1285794793437,"B",1,"beta"
17.8754145050248,"B",2,"beta"
23.8061851339045,"B",3,"beta"
29.4586689835245,"B",4,"beta"
35.0676702919666,"B",5,"beta"
40.6123293092347,"B",6,"beta"
8.31047129185649,"C",0,"beta"
15.2205378061902,"C",1,"beta"
21.9387698827775,"C",2,"beta"
28.4712002597088,"C",3,"beta"
35.1577634192821,"C",4,"beta"
41.8941505467421,"C",5,"beta"
48.5869573536267,"C",6,"beta"
6.93047265253189,"D",0,"beta"
9.37135308811041,"D",1,"beta"
12.0955331286235,"D",2,"beta"
14.6495575300192,"D",3,"beta"
17.3745675002574,"D",4,"beta"
19.9412568482826,"D",5,"beta"
22.6601541238891,"D",6,"beta"
7.92577528904443,"E",0,"beta"
14.0129457239606,"E",1,"beta"
20.0145271258445,"E",2,"beta"
26.4095324516799,"E",3,"beta"
32.6498905475683,"E",4,"beta"
38.7841713875059,"E",5,"beta"
45.1231576261725,"E",6,"beta"
8.71695995230495,"F",0,"beta"
18.0279584060777,"F",1,"beta"
27.5716969927515,"F",2,"beta"
37.0935018168197,"F",3,"beta"
46.2678476404413,"F",4,"beta"
55.8197040210035,"F",5,"beta"
65.163131141026,"F",6,"beta"
5.64525238561782,"G",0,"beta"
13.2628000319442,"G",1,"beta"
20.9936117628576,"G",2,"beta"
28.6179345051569,"G",3,"beta"
36.3945553291173,"G",4,"beta"
43.962257913295,"G",5,"beta"
51.6254725232816,"G",6,"beta"
7.50483461884621,"H",0,"beta"
13.8642801919113,"H",1,"beta"
20.4567273376082,"H",2,"beta"
26.8222465618215,"H",3,"beta"
33.268965946875,"H",4,"beta"
39.6483592096586,"H",5,"beta"
46.2182399542468,"H",6,"beta"
8.49053092408838,"I",0,"beta"
15.033011555797,"I",1,"beta"
21.3690352411108,"I",2,"beta"
27.7083231388293,"I",3,"beta"
34.3529858168791,"I",4,"beta"
40.863340380589,"I",5,"beta"
47.2921051169253,"I",6,"beta"
8.07070769615032,"J",0,"beta"
13.5689221355829,"J",1,"beta"
19.1624787319858,"J",2,"beta"
25.1698315214202,"J",3,"beta"
30.7845087776188,"J",4,"beta"
36.217342163154,"J",5,"beta"
42.2568332210833,"J",6,"beta"
